-0.83,0.16,0.53,14.34,4.33,1.40
-0.83,0.15,0.54,9.77,5.13,0.92
-0.83,0.15,0.53,10.01,6.10,0.49
-0.82,0.15,0.51,6.23,6.41,-0.37
-0.83,0.15,0.49,2.87,4.33,-0.92
-0.84,0.14,0.49,3.48,3.05,-2.93
-0.85,0.10,0.50,0.61,3.60,-3.30
-0.86,0.07,0.48,4.39,3.97,0.12
-0.86,0.08,0.46,7.93,1.40,3.23
-0.84,0.11,0.47,9.34,-1.53,4.09
-0.83,0.13,0.50,7.87,-2.14,3.72
-0.82,0.13,0.53,8.73,-0.79,3.42
-0.81,0.14,0.53,10.99,1.34,3.48
-0.80,0.15,0.52,8.73,2.69,2.93
-0.81,0.15,0.51,6.84,2.44,1.65
-0.81,0.14,0.50,4.58,0.92,0.49
-0.81,0.14,0.51,4.03,-0.31,0.79
-0.81,0.15,0.51,4.46,-1.22,1.40
-0.80,0.16,0.51,6.84,-1.83,1.53
-0.80,0.18,0.50,9.64,-2.14,1.04
-0.80,0.20,0.49,8.42,-2.87,-0.55
-0.81,0.20,0.49,6.59,-3.23,-2.62
-0.82,0.19,0.49,4.70,-2.69,-3.97
-0.84,0.17,0.50,0.67,-1.59,-4.94
-0.85,0.15,0.50,-3.23,0.00,-5.00
-0.86,0.13,0.49,-3.78,0.55,-3.36
-0.85,0.14,0.48,-3.78,-0.31,-0.92
-0.84,0.17,0.48,-4.03,-2.75,0.43
-0.83,0.19,0.50,-4.52,-4.76,-0.31
-0.82,0.19,0.52,-6.23,-5.43,-1.89
-0.81,0.18,0.53,-6.35,-5.62,-1.83
-0.80,0.19,0.54,-7.20,-5.31,-1.40
-0.80,0.21,0.55,-8.00,-4.70,-3.30
-0.81,0.20,0.56,-6.90,-4.58,-6.04
-0.82,0.15,0.59,-3.72,-3.66,-6.84
-0.83,0.12,0.60,-1.95,-0.12,-4.88
-0.83,0.11,0.57,-5.25,3.36,-3.11
-0.83,0.11,0.55,-8.18,3.48,-1.34
-0.83,0.12,0.55,-15.56,1.59,1.16
-0.82,0.16,0.56,-20.39,2.26,-0.43
-0.92,0.21,0.69,6.16,1.22,-3.05
-0.81,0.26,0.74,97.78,3.48,-4.33
-0.68,0.21,0.53,-21.55,24.05,-13.92
-0.78,0.14,0.32,-45.96,15.08,-13.92
-0.80,0.14,0.36,-42.48,-7.39,-12.57
-0.84,0.13,0.55,-34.97,-11.54,-13.85
-0.89,0.11,0.65,-19.29,-5.74,-13.98
-0.89,0.08,0.74,4.15,1.71,-12.45
-0.85,0.04,0.62,9.16,14.47,-9.28
-0.84,0.02,0.42,-36.32,16.24,-5.55
-0.88,-0.01,0.62,-24.60,6.65,2.50
-0.93,-0.02,0.88,-19.35,26.31,12.45
-0.93,0.11,0.84,27.28,43.95,19.41
-0.78,0.26,0.49,14.53,50.66,10.07
-0.74,0.24,0.20,-44.19,41.08,-8.54
-0.85,0.06,0.32,-24.66,16.11,-8.91
-0.87,-0.01,0.55,-25.27,15.08,2.87
-0.88,0.09,0.60,-29.30,25.39,7.39
-0.86,0.20,0.44,-34.36,29.42,0.85
-0.84,0.27,0.22,-42.66,16.05,-12.70
-0.83,0.21,0.14,-40.65,-9.95,-28.08
-0.88,-0.02,0.21,-12.76,-26.61,-31.31
-0.94,-0.21,0.39,-7.69,-36.01,-15.44
-0.92,-0.18,0.67,-15.99,-24.48,5.37
-0.86,0.04,0.79,-25.45,7.69,16.24
-0.82,0.21,0.67,-28.26,31.62,10.56
-0.83,0.17,0.60,-26.61,40.04,2.87
-0.86,0.05,0.66,-24.48,50.60,5.43
-0.87,0.00,0.64,-33.57,64.15,12.15
-0.85,0.08,0.47,-25.21,66.65,16.48
-0.83,0.15,0.23,-18.13,53.34,9.03
-0.84,0.08,0.12,-16.91,25.70,4.88
-0.85,0.07,0.30,-1.16,3.97,7.57
-0.85,0.15,0.53,1.65,4.64,4.88
-0.82,0.19,0.56,-0.92,14.22,-0.06
-0.77,0.27,0.44,11.11,14.47,-4.03
-0.77,0.37,0.18,32.90,-0.85,-20.20
-0.87,0.01,0.16,34.06,-34.79,-31.07
-0.94,-0.25,0.43,29.17,-41.99,-1.83
-0.91,-0.00,0.50,14.83,-39.06,12.51
-0.88,0.13,0.47,22.34,-44.01,8.36
-0.87,0.05,0.49,31.62,-47.30,5.07
-1.24,-0.05,0.48,49.44,-38.76,7.81
-1.42,0.16,0.57,17.88,-31.01,20.57
-0.99,0.33,0.48,31.86,-29.30,7.87
-0.86,0.34,0.41,22.40,-49.44,-3.97
-0.95,0.44,0.56,5.37,-44.31,-30.94
-0.97,0.40,0.49,-13.67,-44.74,-62.93
-0.93,0.27,0.42,-33.94,-58.47,-76.05
-0.89,0.11,0.51,-57.01,-65.25,-73.73
-0.88,-0.07,0.73,-67.69,-51.45,-54.75
-0.86,-0.10,0.85,-70.56,-15.75,-32.23
-0.83,-0.02,0.75,-73.24,11.90,-23.44
-0.82,0.02,0.64,-71.17,15.01,-20.87
-0.83,0.04,0.63,-69.09,15.50,-22.16
-0.86,0.02,0.69,-67.57,18.01,-22.64
-0.88,0.00,0.74,-67.26,31.31,-17.40
-0.88,0.03,0.70,-62.38,44.68,-14.53
-0.88,0.05,0.63,-57.80,54.02,-14.04
-0.89,0.01,0.50,-59.08,54.38,-17.46
-0.84,-0.09,0.42,-53.10,36.44,-13.24
-0.81,-0.11,0.47,-41.56,30.52,-7.57
-0.80,-0.12,0.46,-32.29,29.42,-7.51
-0.76,-0.22,0.46,-19.47,23.62,-7.57
-0.76,-0.31,0.50,-8.30,25.21,5.00
-0.79,-0.24,0.51,-2.32,32.23,16.78
-0.83,-0.08,0.47,3.60,35.95,18.80
-0.85,0.13,0.45,6.96,34.06,-0.98
-0.84,-0.03,0.41,8.79,29.60,-21.48
-0.82,-0.27,0.39,24.54,23.13,3.66
-0.79,-0.14,0.44,27.16,20.57,14.89
-0.89,0.22,0.49,14.28,17.40,-2.08
-0.84,0.04,0.43,-37.96,13.06,-46.57
-0.71,-0.40,0.29,20.26,2.20,-7.02
-0.74,-0.24,0.36,42.48,-7.45,22.58
-0.93,0.00,0.50,40.22,-3.11,21.06
-0.93,0.14,0.63,-50.48,6.96,-2.81
-0.73,0.02,0.39,-33.39,11.72,-5.62
-0.70,-0.01,0.20,16.42,-12.76,10.25
-0.76,0.13,0.45,37.35,-12.88,3.05
-0.83,0.07,0.48,41.99,-2.93,-3.54
-0.92,0.05,0.56,-13.85,1.83,-10.07
-0.77,-0.03,0.32,-15.44,14.10,-9.95
-0.64,-0.16,0.08,52.37,-13.98,-0.79
-0.77,-0.22,0.32,69.58,-15.20,0.37
-0.75,-0.37,0.40,58.96,2.69,-2.14
-0.67,-0.56,0.42,48.89,12.82,1.65
-0.82,-0.64,0.59,11.84,25.51,21.48
-0.85,-0.44,0.41,-29.72,40.77,55.54
-0.73,0.15,0.31,14.22,19.17,63.60
-0.91,0.58,0.51,47.42,33.39,21.18
-1.03,0.46,0.53,18.13,42.42,-8.97
-0.96,0.20,0.51,0.18,51.88,-18.62
-0.87,-0.00,0.48,-15.93,58.11,-25.15
-0.83,-0.21,0.46,-20.20,65.61,-22.28
-0.83,-0.30,0.49,-30.40,77.94,-7.87
-0.81,-0.29,0.35,-48.89,88.50,5.37
-0.82,-0.27,0.06,-67.26,60.42,16.42
-0.84,-0.17,0.06,-98.21,14.40,25.94
-0.84,-0.06,0.28,-104.25,-2.69,21.79
-0.86,-0.00,0.38,-88.87,-0.92,16.24
-0.90,0.07,0.39,-73.67,2.99,11.35
-0.93,0.11,0.40,-58.17,6.10,2.69
-0.95,0.05,0.38,-44.98,7.81,-0.18
-0.97,0.02,0.38,-37.72,5.07,2.93
-0.95,0.05,0.39,-30.21,6.53,1.28
-0.95,0.08,0.34,-23.74,7.32,-6.35
-0.96,0.08,0.34,-21.42,2.81,-15.26
-0.98,0.10,0.38,-23.50,4.82,-23.80
-0.98,0.16,0.36,-27.10,7.26,-38.09
-0.97,0.10,0.41,-43.03,9.52,-54.44
-1.21,0.03,0.39,-54.93,19.59,-62.56
-1.18,-0.04,0.36,-31.19,21.97,-77.03
-0.85,-0.24,0.45,-20.39,28.93,-64.09
-0.74,-0.32,0.30,-36.44,30.03,-31.68
-0.83,-0.20,0.22,-58.35,12.15,-10.31
-1.03,-0.10,0.30,-72.69,9.58,-7.39
-1.13,-0.13,0.29,-43.09,2.01,-7.93
-0.95,-0.08,0.47,-28.20,2.62,-1.77
-0.81,-0.08,0.47,-81.79,23.13,-7.81
-0.93,-0.18,0.25,-108.58,19.53,-9.95
-1.15,-0.35,0.12,-78.49,11.66,-3.54
-1.07,-0.34,-0.01,26.79,-18.98,23.32
-0.81,-0.14,0.19,-2.26,-43.64,29.17
-0.92,-0.12,0.37,-2.32,-35.46,26.25
-0.99,-0.14,0.38,24.66,-34.91,24.60
-0.93,-0.15,0.41,36.44,-29.17,23.13
-0.84,-0.11,0.38,39.37,-20.45,22.34
-0.84,-0.10,0.37,33.51,-16.30,12.27
-0.88,-0.15,0.43,28.81,-12.45,7.81
-0.90,-0.16,0.46,15.93,-3.05,9.64
-0.92,-0.13,0.42,4.33,2.56,11.54
-0.91,-0.09,0.41,-10.68,6.41,9.64
-0.93,-0.08,0.38,-17.64,9.03,5.68
-0.94,-0.10,0.37,-22.46,10.07,4.94
-0.95,-0.07,0.35,-21.91,12.15,5.74
-0.95,-0.05,0.33,-33.57,10.07,1.77
-0.95,-0.14,0.35,-31.56,9.46,0.73
-0.94,-0.16,0.37,-28.26,8.73,10.07
-0.94,-0.09,0.38,-35.58,13.43,12.27
-0.96,-0.05,0.34,-33.75,15.26,11.05
-0.95,-0.04,0.27,-35.71,16.48,6.29
-0.98,-0.11,0.24,-17.15,9.64,0.06
-0.99,-0.16,0.25,1.40,3.66,2.32
-0.99,-0.10,0.26,19.84,-0.79,3.36
-0.97,-0.08,0.26,40.10,-7.02,0.18
-0.96,-0.06,0.30,56.40,-9.34,-1.59
-0.94,-0.03,0.32,58.90,-6.29,-7.45
-0.91,-0.09,0.31,60.49,-5.49,-11.11
-0.91,-0.17,0.30,62.81,-10.38,-5.19
-0.92,-0.16,0.33,62.38,-15.50,3.05
-0.92,-0.11,0.35,62.13,-17.09,4.03
-0.93,-0.08,0.33,60.91,-17.21,1.89
-0.94,-0.06,0.31,58.96,-18.68,-1.77
-0.93,-0.07,0.31,56.46,-22.71,-7.20
-0.90,-0.11,0.35,55.66,-28.50,-10.19
-0.88,-0.17,0.41,55.18,-29.85,-8.30
-0.89,-0.19,0.42,53.10,-26.31,-1.22
-0.88,-0.15,0.40,51.15,-23.38,3.85
-0.87,-0.10,0.40,46.33,-20.45,3.54
-0.86,-0.11,0.43,39.43,-16.42,0.00
-0.86,-0.14,0.44,33.57,-12.27,0.00
-0.86,-0.16,0.41,30.09,-9.70,3.60
-0.87,-0.13,0.37,26.92,-10.07,6.65
-0.87,-0.09,0.35,24.05,-12.08,7.75
-0.87,-0.05,0.37,22.03,-12.70,6.16
-0.87,-0.06,0.39,18.01,-10.86,3.91
-0.86,-0.11,0.39,14.16,-8.30,4.70
-0.86,-0.13,0.37,11.90,-7.93,7.57
-0.86,-0.12,0.36,10.86,-8.61,10.07
-0.86,-0.10,0.36,10.13,-9.34,10.99
-0.87,-0.09,0.36,8.79,-10.74,11.66
-0.87,-0.06,0.36,3.85,-12.39,11.72
-0.88,-0.05,0.36,-1.34,-14.28,10.38
-0.89,-0.05,0.37,-3.17,-16.60,10.80
-0.90,-0.02,0.39,-2.14,-17.21,11.11
-0.89,-0.02,0.40,-1.53,-15.63,9.77
-0.89,-0.04,0.38,-1.89,-15.26,9.52
-0.90,-0.03,0.36,-3.91,-18.31,10.01
-0.90,-0.00,0.36,-7.81,-21.73,9.58
-0.89,0.00,0.37,-9.34,-23.56,6.84
-0.88,-0.02,0.39,-8.79,-25.02,4.76
-0.88,-0.05,0.41,-8.00,-26.12,6.23
-0.89,-0.04,0.41,-8.12,-26.43,8.91
-0.90,-0.02,0.41,-9.89,-28.81,10.80
-0.91,0.02,0.43,-11.96,-31.13,10.62
-0.90,0.04,0.43,-13.55,-32.65,6.77
-0.88,0.02,0.44,-12.63,-34.55,2.50
-0.87,-0.04,0.45,-9.28,-36.50,1.65
-0.86,-0.08,0.48,-4.15,-37.35,5.86
-0.86,-0.08,0.51,-0.79,-36.80,10.86
-0.90,-0.07,0.50,-0.18,-34.12,15.32
-1.01,-0.05,0.62,-58.23,-30.52,16.11
-0.86,-0.02,0.70,-88.26,-6.71,14.59
-0.73,0.01,0.48,-32.23,0.79,10.80
-0.82,-0.02,0.37,-38.09,-18.49,5.80
-0.84,-0.05,0.48,-38.64,-23.50,6.84
-0.82,-0.04,0.56,-43.58,-18.43,6.84
-0.78,-0.02,0.55,-22.09,-12.02,7.14
-0.81,-0.03,0.51,-9.89,-14.22,3.72
-0.84,-0.08,0.55,-3.72,-15.69,2.81
-0.83,-0.10,0.60,3.54,-12.15,4.94
-0.83,-0.10,0.61,7.69,-6.96,6.77
-0.82,-0.11,0.58,10.56,-4.21,8.54
-0.82,-0.11,0.55,11.60,-5.31,11.78
-0.82,-0.10,0.56,9.09,-6.16,14.95
-0.83,-0.08,0.57,8.24,-4.52,17.15
-0.84,-0.05,0.58,10.13,-1.22,18.62
-0.86,-0.01,0.58,11.96,2.56,19.29
-0.87,0.04,0.56,11.41,6.16,18.43
-0.87,0.07,0.54,9.34,8.73,14.71
-0.87,0.05,0.52,7.81,8.73,10.80
-0.87,0.03,0.52,7.75,7.02,9.58
-0.86,0.02,0.54,5.62,6.77,9.58
-0.84,0.02,0.56,4.76,9.34,9.16
-0.84,0.01,0.53,3.11,11.60,10.07
-0.84,0.02,0.50,4.03,10.86,12.15
-0.85,0.04,0.50,7.26,9.40,13.24
-0.85,0.07,0.51,8.00,8.97,12.27
-0.85,0.08,0.51,7.57,9.28,10.07
-0.86,0.08,0.50,6.41,8.85,8.97
-0.87,0.09,0.50,5.49,8.79,8.48
-0.87,0.09,0.49,5.43,8.91,6.77
-0.87,0.07,0.48,8.73,8.12,5.13
-0.87,0.04,0.47,11.54,7.08,5.31
-0.87,0.04,0.47,12.15,5.80,6.35
-0.87,0.04,0.47,11.54,5.43,7.87
-0.88,0.06,0.49,12.27,7.08,8.36
-0.89,0.09,0.50,12.63,9.40,6.47
-0.90,0.10,0.51,12.88,11.17,3.85
-0.90,0.09,0.50,13.49,12.94,2.38
-0.90,0.08,0.50,12.51,15.20,2.08
-0.89,0.08,0.49,10.93,17.82,2.81
-0.89,0.08,0.46,10.44,18.07,3.72
-0.89,0.07,0.43,8.48,15.63,4.52
-0.89,0.07,0.43,7.75,12.45,5.49
-0.89,0.09,0.44,7.81,11.11,6.16
-0.89,0.11,0.46,7.08,11.96,5.07
-0.88,0.12,0.45,6.04,12.76,1.65
-0.88,0.09,0.44,4.39,13.24,-0.73
-0.88,0.06,0.42,2.99,12.70,-0.37
-0.89,0.05,0.42,2.14,10.93,1.65
-0.88,0.06,0.42,1.40,9.09,3.66
-0.88,0.07,0.42,0.37,8.06,3.97
-0.88,0.07,0.43,0.67,7.51,3.60
-0.88,0.07,0.43,0.55,6.59,2.93
-0.89,0.08,0.44,1.83,6.04,2.69
-0.89,0.08,0.45,2.93,5.68,2.01
-0.89,0.09,0.45,3.30,5.74,1.16
-0.89,0.09,0.45,2.99,6.53,0.18
-0.89,0.08,0.45,2.75,7.14,-0.55
-0.89,0.08,0.44,2.99,7.39,-1.10
-0.90,0.08,0.44,4.64,7.20,-1.28
-0.90,0.09,0.45,6.04,6.96,-1.59
-0.90,0.10,0.45,5.68,7.57,-1.77
-0.91,0.10,0.44,5.55,8.61,-2.50
-0.90,0.10,0.43,4.76,8.42,-3.97
-0.90,0.09,0.43,3.91,5.98,-4.70
-0.90,0.09,0.44,2.32,4.27,-4.82
-0.90,0.09,0.46,2.14,4.52,-5.37
-0.90,0.09,0.47,2.75,5.55,-5.86
-0.90,0.09,0.47,3.23,6.65,-6.29
-0.90,0.10,0.47,2.87,8.12,-7.02
-0.89,0.09,0.47,1.89,9.58,-8.48
-0.89,0.08,0.46,0.49,10.93,-9.46
-0.90,0.07,0.44,-1.22,11.96,-9.03
-0.90,0.08,0.44,-2.87,12.45,-8.79
-0.90,0.08,0.45,-3.30,12.88,-9.89
-0.90,0.07,0.46,-2.20,14.65,-10.74
-0.90,0.06,0.46,-1.46,17.03,-10.31
-0.90,0.06,0.45,-1.95,19.29,-9.58
-0.90,0.06,0.43,-2.32,20.26,-9.77
-0.90,0.06,0.41,-1.53,19.35,-10.13
-0.91,0.07,0.41,-1.46,17.21,-10.68
-0.91,0.06,0.42,-0.43,16.24,-11.54
-0.90,0.05,0.44,1.04,17.33,-12.02
-0.90,0.04,0.44,2.32,19.41,-10.93
-0.90,0.04,0.42,4.09,21.61,-9.58
-0.90,0.05,0.39,4.82,23.01,-9.03
-0.90,0.06,0.35,2.32,22.28,-9.95
-0.91,0.06,0.33,-3.30,19.17,-12.33
-0.91,0.05,0.35,-7.26,15.44,-14.40
-0.91,0.04,0.38,-9.70,14.59,-15.38
-0.91,0.05,0.38,-10.80,16.91,-18.01
-0.92,0.05,0.35,-15.63,18.55,-23.50
-0.94,0.01,0.29,-16.97,14.53,-24.48
-0.95,-0.04,0.27,-22.58,6.65,-18.98
-0.94,-0.04,0.32,-27.40,1.40,-10.74
-0.93,-0.00,0.37,-28.02,2.32,-7.26
-0.90,0.01,0.38,-28.50,4.94,-7.69
-0.89,-0.01,0.34,-26.92,4.58,-8.18
-0.88,-0.04,0.32,-17.58,0.00,-6.23
-0.87,-0.03,0.33,-7.02,-3.97,-3.60
-0.90,-0.01,0.35,2.32,-6.71,-2.56
-0.93,0.00,0.38,7.20,-8.24,-3.05
-0.94,0.01,0.40,8.06,-5.07,-4.03
-0.91,0.01,0.37,12.27,-1.53,-5.98
-0.92,-0.00,0.33,20.63,-4.15,-7.20
-0.93,-0.01,0.36,21.36,-6.84,-6.96
-0.95,0.01,0.40,24.11,-6.10,-6.53
-0.98,0.05,0.44,18.74,-3.60,-8.24
-0.97,0.07,0.46,7.39,3.48,-12.39
-0.93,0.04,0.41,-0.43,8.06,-17.27
-0.91,-0.02,0.36,-0.61,5.43,-18.49
-0.90,-0.06,0.38,0.92,2.69,-15.69
-0.90,-0.07,0.41,2.20,4.15,-12.63
-0.91,-0.06,0.41,2.87,6.65,-10.13
-0.91,-0.05,0.39,5.31,6.77,-8.30
-0.91,-0.03,0.39,6.29,5.86,-7.02
-0.91,-0.02,0.39,5.37,6.96,-6.84
-0.92,-0.02,0.37,5.49,7.81,-6.77
-0.93,-0.00,0.36,7.75,6.90,-6.65
-0.93,0.02,0.35,9.95,5.31,-7.93
-0.92,0.03,0.37,12.70,3.85,-9.83
-0.92,0.04,0.38,15.20,2.62,-13.37
-0.93,0.02,0.39,11.47,2.75,-16.24
-0.91,0.00,0.39,10.13,4.09,-17.64
-0.91,-0.02,0.36,7.87,2.87,-18.62
-0.91,-0.05,0.37,7.63,1.71,-17.76
-0.91,-0.06,0.37,7.87,2.26,-15.50
-0.90,-0.06,0.36,7.08,1.89,-14.53
-0.90,-0.06,0.34,10.99,1.22,-13.98
-0.91,-0.08,0.33,14.47,-1.77,-11.60
-0.92,-0.08,0.36,18.37,-4.58,-8.42
-0.92,-0.05,0.39,18.80,-4.70,-6.65
-0.92,-0.04,0.39,18.01,-2.99,-6.90
-0.92,-0.05,0.39,19.23,-2.50,-7.63
-0.93,-0.07,0.39,22.28,-2.87,-7.93
-0.92,-0.10,0.41,21.97,-1.59,-5.37
-0.91,-0.09,0.40,20.87,0.12,-2.32
-0.91,-0.09,0.39,20.45,0.67,-1.34
-0.91,-0.09,0.37,19.47,-0.24,0.73
-0.91,-0.08,0.38,17.64,-1.83,2.44
-0.92,-0.04,0.40,14.77,-1.28,1.53
-0.92,-0.01,0.40,9.34,0.85,-3.17
-0.91,-0.00,0.38,8.12,0.55,-8.91
-0.91,-0.03,0.38,4.21,-1.04,-12.63
-0.89,-0.02,0.38,0.00,-1.95,-15.20
-0.90,-0.01,0.41,-20.63,0.67,-17.70
-0.95,-0.05,0.38,2.08,0.24,-22.83
-0.96,-0.06,0.33,3.48,-2.56,-21.79
-0.89,0.01,0.34,-3.48,-4.94,-21.67
-0.78,0.05,0.41,-58.47,0.06,-23.44
-0.77,0.00,0.45,-92.22,10.01,-28.75
-0.86,-0.10,0.41,-103.70,15.08,-31.19
-0.92,-0.18,0.38,-88.13,13.92,-29.48
-0.95,-0.24,0.36,-82.64,13.12,-21.42
-0.97,-0.25,0.34,-78.61,10.86,-9.58
-0.98,-0.22,0.31,-66.41,7.75,-2.50
-0.96,-0.18,0.29,-46.26,-1.28,1.34
-0.91,-0.13,0.30,-27.34,-5.25,0.73
-0.95,-0.12,0.32,-20.02,-4.09,-0.37
-0.95,-0.08,0.30,0.31,-4.21,-4.58
-0.91,-0.07,0.26,3.05,-8.73,-12.02
-0.90,-0.13,0.31,0.67,-13.06,-14.65
-0.90,-0.17,0.37,2.50,-11.66,-11.35
-0.88,-0.17,0.39,5.07,-7.63,-9.64
-0.87,-0.19,0.38,7.32,-5.68,-8.79
-0.88,-0.22,0.39,10.38,-4.88,-4.64
-0.90,-0.20,0.40,12.76,-1.46,0.37
-0.90,-0.16,0.39,14.28,1.89,2.20
-0.90,-0.14,0.37,16.78,3.11,2.75
-0.90,-0.14,0.35,20.39,1.28,3.23
-0.90,-0.12,0.34,22.52,-0.06,3.30
-0.92,-0.10,0.35,22.83,0.85,1.83
-0.93,-0.10,0.35,21.12,2.87,1.28
-0.94,-0.08,0.33,18.55,3.30,-0.31
-0.94,-0.06,0.34,16.91,2.32,-3.17
-0.94,-0.06,0.35,15.56,2.81,-6.04
-0.94,-0.07,0.32,12.70,2.56,-8.00
-0.93,-0.09,0.31,10.13,-1.53,-8.24
-0.93,-0.10,0.33,8.18,-3.72,-7.32
-0.92,-0.10,0.36,5.13,-2.20,-7.87
-0.91,-0.12,0.37,2.20,-0.73,-8.42
-0.90,-0.16,0.37,4.58,-0.61,-6.53
-0.90,-0.18,0.37,12.21,0.43,-2.62
-0.90,-0.16,0.37,16.66,1.59,0.31
-0.90,-0.13,0.34,17.52,1.53,0.67
-0.90,-0.13,0.32,17.40,-1.65,1.59
-0.90,-0.12,0.34,17.15,-6.16,2.14
-0.91,-0.11,0.39,16.36,-4.39,0.43
-0.91,-0.10,0.38,15.50,-0.85,-0.43
-0.90,-0.10,0.35,15.99,-0.67,-2.38
-0.89,-0.11,0.35,17.33,-2.26,-5.07
-0.89,-0.13,0.37,18.62,-0.98,-5.74
-0.89,-0.13,0.36,18.80,2.26,-4.82
-0.88,-0.14,0.32,18.43,2.14,-4.33
-0.89,-0.13,0.33,19.10,-0.12,-4.58
-0.90,-0.11,0.36,17.70,0.00,-4.64
-0.90,-0.11,0.36,14.22,1.10,-5.80
-0.89,-0.12,0.36,12.15,0.92,-7.26
-0.88,-0.14,0.35,11.54,1.46,-6.59
-0.87,-0.16,0.33,10.01,1.89,-3.05
-0.87,-0.15,0.31,8.30,-0.55,0.18
-0.86,-0.13,0.31,5.86,-3.11,1.46
-0.86,-0.14,0.31,2.62,-6.71,2.50
-0.88,-0.14,0.35,0.73,-9.64,3.66
-0.89,-0.15,0.40,1.53,-7.69,3.85
-0.88,-0.15,0.39,2.50,-4.94,4.64
-0.87,-0.16,0.37,3.54,-5.74,5.49
-0.87,-0.17,0.37,5.37,-7.69,6.84
-0.87,-0.17,0.39,6.71,-7.57,9.40
-0.88,-0.16,0.40,7.93,-7.63,12.21
-0.89,-0.13,0.41,8.85,-8.12,13.55
-0.89,-0.10,0.41,9.16,-8.48,13.24
-0.90,-0.09,0.41,8.12,-8.42,12.27
-0.91,-0.10,0.42,8.30,-7.93,12.82
-0.91,-0.09,0.42,8.48,-7.45,12.88
-0.91,-0.09,0.43,8.73,-7.32,12.39
-0.91,-0.10,0.44,9.58,-6.84,12.33
-0.90,-0.10,0.44,9.46,-5.43,13.18
-0.90,-0.09,0.42,8.30,-4.94,14.59
-0.90,-0.07,0.41,7.81,-5.86,15.50
-0.91,-0.05,0.43,7.87,-6.29,14.83
-0.91,-0.05,0.44,6.84,-5.00,12.76
-0.90,-0.06,0.43,5.68,-4.70,12.02
-0.90,-0.07,0.42,6.29,-5.43,12.70
-0.90,-0.06,0.42,8.54,-5.43,13.18
-0.91,-0.05,0.43,8.79,-5.37,12.33
-0.90,-0.05,0.42,8.24,-5.62,11.11
-0.89,-0.06,0.41,8.36,-6.84,10.80
-0.89,-0.06,0.42,8.97,-8.12,11.17
-0.90,-0.04,0.45,8.42,-6.90,11.84
-0.90,-0.03,0.45,5.98,-5.74,10.38
-0.89,-0.04,0.44,4.21,-5.86,9.83
-0.88,-0.06,0.44,2.26,-5.55,10.62
-0.87,-0.06,0.43,0.06,-5.43,11.35
-0.87,-0.06,0.43,-1.04,-5.62,12.15
-0.88,-0.05,0.43,-2.81,-6.29,11.54
-0.88,-0.04,0.42,-3.91,-7.02,9.28
-0.88,-0.06,0.43,-3.05,-8.42,8.12
-0.88,-0.07,0.46,-1.77,-8.42,9.52
-0.88,-0.08,0.47,-0.67,-6.16,10.68
-0.87,-0.08,0.46,-0.31,-4.88,12.02
-0.87,-0.07,0.45,0.12,-4.27,13.43
-0.88,-0.05,0.45,0.92,-3.66,14.40
-0.88,-0.03,0.44,0.85,-3.97,14.53
-0.89,-0.03,0.44,0.55,-4.21,14.04
-0.88,-0.02,0.44,-0.55,-3.17,13.73
-0.88,-0.02,0.43,-1.22,-2.81,13.18
-0.89,-0.02,0.42,-1.53,-4.15,12.88
-0.88,-0.02,0.43,-1.40,-4.70,11.47
-0.88,-0.03,0.42,-2.01,-4.82,11.60
-0.88,-0.03,0.42,-3.36,-6.35,12.82
-0.88,-0.02,0.44,-4.58,-7.45,13.06
-0.87,0.00,0.46,-6.10,-5.13,11.35
-0.87,0.00,0.46,-6.96,-2.26,8.67
-0.87,-0.01,0.45,-7.45,-1.46,8.12
-0.86,-0.02,0.44,-7.69,-1.53,8.42
-0.86,-0.03,0.43,-7.93,-1.59,8.61
-0.86,-0.03,0.43,-6.53,-2.08,9.16
-0.86,-0.03,0.44,-4.46,-3.78,9.95
-0.87,-0.02,0.46,-2.87,-1.77,10.93
-0.87,-0.01,0.45,-3.48,-0.73,11.54
-0.86,-0.02,0.43,-3.85,-1.46,12.33
-0.86,-0.03,0.42,-4.33,-3.54,15.63
-0.85,-0.02,0.42,-4.88,-4.39,15.26
-0.86,-0.04,0.44,-3.97,-4.82,15.01
-0.87,-0.04,0.45,-2.93,-5.13,20.32
-0.88,0.02,0.46,-0.61,-3.78,20.32
-0.89,0.05,0.46,-0.79,-2.75,18.43
-0.89,0.06,0.45,-1.16,-2.26,18.31
-0.90,0.07,0.45,-1.28,-3.05,16.85
-0.90,0.07,0.46,-1.65,-2.81,16.11
-0.90,0.08,0.46,-2.14,-1.77,14.77
-0.89,0.08,0.45,-3.72,-1.65,13.92
-0.90,0.08,0.45,-3.60,-2.14,13.37
-0.90,0.08,0.46,-0.67,-2.38,13.31
-0.90,0.09,0.48,0.98,-1.77,13.06
-0.90,0.09,0.49,1.71,0.00,12.27
-0.90,0.09,0.48,2.62,1.40,11.47
-0.89,0.10,0.47,1.83,1.59,11.72
-0.89,0.11,0.45,0.73,1.28,10.25
-0.90,0.10,0.44,-1.65,-2.14,10.86
-0.90,0.10,0.47,-3.91,-4.21,11.23
-0.90,0.11,0.49,-4.58,-3.36,10.50
-0.90,0.12,0.49,-4.76,-2.93,10.50
-0.90,0.13,0.49,-4.15,-1.77,9.58
-0.91,0.13,0.49,-3.30,-1.22,7.75
-0.90,0.12,0.49,-3.11,-0.73,6.47
-0.89,0.10,0.48,-3.23,0.24,5.68
-0.88,0.09,0.47,-3.48,0.00,6.16
-0.89,0.09,0.48,-3.78,-0.85,6.84
-0.89,0.08,0.49,-3.36,-0.37,6.84
-0.89,0.09,0.49,-2.99,0.37,7.51
-0.89,0.11,0.49,-3.23,1.22,6.77
-0.89,0.12,0.49,-2.62,1.59,4.46
-0.90,0.10,0.49,-1.77,2.08,3.85
-0.89,0.08,0.49,-2.44,2.20,4.52
-0.88,0.09,0.49,-3.48,2.38,5.25
-0.89,0.09,0.48,-3.17,3.05,3.48
-0.89,0.08,0.48,-3.23,2.20,3.30
-0.88,0.08,0.49,-2.69,3.11,3.11
-0.87,0.09,0.48,-4.21,3.36,2.99
-0.87,0.08,0.47,-5.31,3.48,2.87
-0.88,0.07,0.47,-3.60,2.81,2.56
-0.87,0.07,0.48,-2.75,2.56,2.20
-0.87,0.06,0.48,-3.30,3.72,2.56
-0.88,0.06,0.47,-2.81,4.03,3.11
-0.88,0.07,0.47,-1.65,3.97,3.48
-0.87,0.07,0.48,-1.65,5.00,3.30
-0.86,0.07,0.48,-2.38,5.86,3.97
-0.87,0.07,0.48,-3.42,5.92,4.27
-0.87,0.07,0.47,-3.91,6.77,3.91
-0.87,0.07,0.46,-4.09,6.90,4.15
-0.87,0.07,0.46,-5.07,6.77,4.33
-0.87,0.07,0.46,-5.31,6.96,4.70
-0.88,0.07,0.46,-5.31,7.14,4.94
-0.88,0.08,0.46,-4.21,7.63,5.00
-0.87,0.08,0.45,-4.46,7.87,5.55
-0.87,0.09,0.45,-5.25,7.32,5.68
-0.88,0.10,0.45,-6.23,7.63,5.19
-0.89,0.10,0.45,-6.35,7.63,4.64
-0.89,0.10,0.46,-5.80,8.30,4.52
-0.89,0.10,0.46,-5.86,9.52,4.39
-0.89,0.11,0.45,-5.37,10.38,4.27
-0.90,0.11,0.43,-4.15,10.38,4.09
-0.90,0.11,0.42,-2.44,9.95,4.70
-0.90,0.12,0.43,-2.14,9.89,3.97
-0.90,0.12,0.43,-1.95,8.91,4.15
-0.90,0.13,0.43,-2.75,8.18,4.21
-0.91,0.13,0.44,-3.30,7.69,3.11
-0.91,0.13,0.46,-3.54,8.91,3.17
-0.91,0.13,0.45,-3.85,10.62,3.05
-0.91,0.14,0.43,-4.94,10.31,2.62
-0.92,0.15,0.42,-6.23,9.89,1.34
-0.92,0.15,0.42,-5.92,9.83,-0.55
-0.91,0.14,0.42,-5.07,10.13,-1.95
-0.90,0.13,0.42,-4.52,10.38,-2.75
-0.90,0.13,0.41,-4.39,10.07,-3.42
-0.90,0.12,0.41,-4.82,9.83,-3.30
-0.90,0.11,0.42,-4.94,9.95,-2.50
-0.90,0.10,0.42,-5.25,10.25,-2.01
-0.90,0.11,0.42,-5.92,10.74,-1.89
-0.90,0.11,0.42,-6.47,11.35,-1.71
-0.91,0.11,0.41,-6.96,12.08,-2.20
-0.91,0.11,0.39,-6.47,11.72,-2.93
-0.91,0.11,0.39,-5.07,11.60,-3.85
-0.92,0.11,0.39,-4.58,11.23,-4.46
-0.92,0.11,0.39,-4.94,10.74,-5.00
-0.92,0.11,0.39,-5.25,10.38,-5.00
-0.92,0.11,0.39,-5.25,10.38,-5.80
-0.92,0.11,0.39,-4.15,10.93,-6.90
-0.92,0.10,0.40,-3.30,12.27,-8.00
-0.92,0.09,0.39,-2.99,13.00,-7.87
-0.92,0.10,0.37,-2.93,12.76,-7.81
-0.92,0.10,0.38,-2.01,12.33,-8.61
-0.92,0.09,0.38,-1.53,13.31,-8.67
-0.91,0.08,0.36,-2.01,14.16,-7.87
-0.91,0.08,0.34,-1.95,13.43,-7.02
-0.91,0.07,0.34,-0.92,11.84,-5.80
-0.92,0.08,0.34,-1.04,10.86,-4.64
-0.92,0.10,0.35,-2.38,10.50,-5.49
-0.93,0.10,0.34,-3.30,10.44,-6.77
-0.93,0.10,0.33,-3.85,9.40,-8.30
-0.93,0.09,0.34,-3.30,8.48,-9.22
-0.93,0.08,0.34,-2.87,8.73,-9.70
-0.92,0.07,0.34,-2.99,9.16,-9.89
-0.93,0.07,0.33,-2.62,8.73,-9.22
-0.93,0.09,0.32,-2.87,7.69,-9.09
-0.94,0.10,0.33,-2.44,7.75,-10.99
-0.93,0.08,0.34,-1.89,8.79,-12.57
-0.93,0.06,0.33,-2.50,8.67,-12.02
-0.93,0.06,0.31,-3.36,7.26,-10.56
-0.93,0.07,0.31,-3.54,6.47,-10.86
-0.94,0.08,0.32,-2.14,5.86,-12.45
-0.93,0.06,0.33,-0.98,6.47,-14.04
-0.93,0.05,0.34,-1.04,6.90,-14.59
-0.93,0.04,0.33,-0.98,7.02,-13.92
-0.93,0.03,0.32,-0.55,6.29,-12.33
-0.93,0.05,0.32,-0.37,6.10,-12.57
-0.93,0.05,0.33,-0.55,5.68,-13.67
-0.93,0.04,0.33,-1.46,6.04,-14.71
-0.93,0.03,0.33,-1.22,5.80,-15.14
-0.93,0.02,0.33,-1.16,5.00,-14.34
-0.93,0.03,0.34,-0.73,4.27,-13.79
-0.93,0.03,0.34,-0.31,5.49,-15.08
-0.93,0.00,0.33,-0.37,4.64,-13.79
-0.93,-0.00,0.32,-0.31,2.93,-10.13
-0.93,0.01,0.34,0.79,2.38,-9.28
-0.93,0.01,0.35,0.79,3.11,-9.46
-0.93,0.00,0.35,0.67,4.03,-8.85
-0.93,0.01,0.34,0.85,4.21,-8.24
-0.93,0.02,0.33,0.37,3.48,-8.61
-0.93,0.01,0.34,1.10,2.93,-9.52
-0.93,0.01,0.35,1.22,4.09,-9.52
-0.93,0.00,0.34,0.92,4.52,-9.52
-0.93,0.02,0.34,-0.12,4.70,-10.62
-0.94,0.02,0.33,-0.06,6.47,-12.88
-0.94,0.00,0.32,0.79,4.64,-11.17
-0.94,0.02,0.33,1.10,4.33,-12.57
-0.94,0.01,0.33,0.79,4.58,-14.16
-0.94,-0.01,0.32,0.79,3.85,-13.18
-0.93,-0.02,0.32,1.71,2.81,-12.15
-0.93,-0.02,0.33,2.69,3.23,-12.51
-0.93,-0.03,0.33,3.11,4.58,-13.00
-0.93,-0.04,0.32,3.91,4.76,-11.29
-0.93,-0.03,0.31,4.46,4.39,-8.97
-0.93,-0.01,0.31,4.03,3.23,-8.48
-0.93,0.00,0.32,3.11,3.78,-10.50
-0.93,-0.02,0.31,2.14,4.52,-11.35
-0.93,-0.03,0.30,2.01,3.11,-9.70
-0.94,-0.01,0.31,2.81,2.32,-10.19
-0.94,-0.01,0.33,4.39,2.75,-11.35
-0.94,-0.02,0.33,4.21,4.33,-11.23
-0.94,-0.02,0.31,3.85,4.52,-10.80
-0.94,-0.01,0.30,3.85,3.97,-12.51
-0.94,-0.03,0.31,3.60,2.50,-12.70
-0.94,-0.04,0.32,3.78,2.69,-10.93
-0.93,-0.04,0.32,3.60,2.87,-10.31
-0.93,-0.04,0.31,3.54,2.38,-10.19
-0.93,-0.04,0.31,3.60,2.32,-9.83
-0.94,-0.04,0.31,4.09,1.59,-9.95
-0.94,-0.04,0.33,4.52,1.83,-10.38
-0.94,-0.04,0.33,4.39,2.87,-10.62
-0.93,-0.05,0.32,4.39,3.05,-10.44
-0.94,-0.05,0.32,4.76,2.38,-9.95
-0.93,-0.06,0.32,5.62,2.56,-9.95
-0.93,-0.04,0.33,5.37,3.97,-11.41
-0.93,-0.06,0.31,5.98,4.39,-13.37
-0.94,-0.09,0.30,6.53,2.44,-9.52
-0.94,-0.06,0.32,7.02,2.75,-7.45
-0.94,-0.04,0.31,5.98,3.30,-8.61
-0.94,-0.04,0.30,5.00,2.62,-9.95
-0.93,-0.05,0.31,4.88,1.83,-11.11
-0.93,-0.06,0.31,5.07,2.20,-13.00
-0.93,-0.09,0.31,5.19,1.22,-11.90
-0.93,-0.09,0.32,5.00,1.28,-9.70
-0.92,-0.08,0.32,4.27,1.77,-9.58
-0.92,-0.09,0.32,3.91,1.83,-9.22
-0.92,-0.08,0.31,3.72,1.89,-8.54
-0.92,-0.08,0.31,4.21,1.65,-8.30
-0.93,-0.09,0.32,5.31,2.32,-8.00
-0.93,-0.09,0.31,5.98,3.05,-7.45
-0.93,-0.08,0.30,5.68,2.69,-7.14
-0.93,-0.07,0.30,5.92,2.20,-7.81
-0.92,-0.07,0.30,6.41,2.26,-11.78
-0.93,-0.10,0.31,6.35,1.95,-11.90
-0.93,-0.11,0.30,5.80,2.56,-8.42
-0.92,-0.10,0.29,5.49,1.83,-7.39
-0.92,-0.10,0.29,5.43,1.04,-6.71
-0.92,-0.10,0.30,5.55,0.73,-6.41
-0.93,-0.09,0.30,5.43,0.18,-6.23
-0.93,-0.08,0.30,4.39,-0.12,-6.35
-0.93,-0.08,0.30,3.30,-0.06,-7.02
-0.92,-0.10,0.29,3.54,-0.55,-7.02
-0.92,-0.11,0.30,4.09,-1.22,-5.92
-0.92,-0.11,0.30,4.27,-1.71,-4.46
-0.93,-0.09,0.31,4.39,-1.83,-4.03
-0.93,-0.08,0.31,4.27,-1.53,-4.52
-0.93,-0.08,0.31,3.97,-1.28,-5.13
-0.93,-0.09,0.31,3.97,-0.61,-5.62
-0.93,-0.10,0.30,5.00,-0.43,-5.25
-0.93,-0.09,0.29,5.98,-1.40,-4.64
-0.94,-0.08,0.29,6.23,-2.38,-4.58
-0.94,-0.07,0.29,5.68,-3.48,-5.49
-0.93,-0.08,0.31,5.25,-4.33,-6.65
-0.93,-0.09,0.32,5.80,-3.91,-8.36
-0.94,-0.10,0.32,5.25,-4.09,-7.57
-0.93,-0.11,0.32,5.80,-3.17,-5.86
-0.92,-0.11,0.32,6.84,-2.93,-5.55
-0.92,-0.11,0.31,7.02,-3.36,-4.94
-0.92,-0.10,0.31,6.59,-4.15,-4.82
-0.93,-0.10,0.32,6.35,-4.52,-5.31
-0.92,-0.10,0.33,5.68,-4.27,-5.37
-0.92,-0.10,0.33,5.49,-4.09,-5.49
-0.91,-0.11,0.33,5.74,-4.09,-5.43
-0.91,-0.11,0.33,6.23,-4.27,-5.62
-0.91,-0.12,0.34,5.68,-4.21,-5.13
-0.91,-0.12,0.34,4.52,-3.85,-4.09
-0.91,-0.12,0.33,4.27,-4.70,-3.97
-0.91,-0.12,0.35,4.88,-5.68,-4.15
-0.91,-0.12,0.37,4.52,-4.82,-4.21
-0.91,-0.13,0.36,3.91,-3.72,-3.91
-0.91,-0.14,0.35,4.09,-4.09,-2.69
-0.91,-0.13,0.36,3.85,-4.33,-1.89
-0.91,-0.12,0.37,3.85,-3.78,-1.65
-0.91,-0.13,0.37,3.97,-3.30,-1.46
-0.91,-0.13,0.37,4.09,-3.11,-0.73
-0.91,-0.13,0.37,3.91,-2.75,-0.31
-0.91,-0.12,0.37,3.85,-2.26,-0.06
-0.92,-0.12,0.37,3.78,-2.20,0.00
-0.91,-0.12,0.37,3.72,-2.08,-0.43
-0.91,-0.13,0.37,4.27,-1.65,-0.24
-0.91,-0.14,0.37,5.19,-1.53,0.73
-0.90,-0.13,0.37,5.49,-1.59,1.46
-0.90,-0.13,0.37,5.31,-1.34,1.71
-0.91,-0.13,0.38,4.46,-1.04,2.20
-0.91,-0.13,0.38,3.36,-0.43,3.05
-0.90,-0.13,0.38,3.36,-0.12,3.66
-0.91,-0.14,0.37,2.99,0.49,5.07
-0.91,-0.13,0.37,2.62,0.24,5.98
-0.92,-0.12,0.36,1.83,0.24,6.29
-0.92,-0.11,0.36,0.31,-0.31,6.47
-0.93,-0.10,0.37,-0.98,-0.12,6.35
-0.92,-0.10,0.36,-1.34,0.73,5.62
-0.92,-0.11,0.35,-0.79,0.92,5.74
-0.92,-0.11,0.35,0.06,1.28,7.57
-0.93,-0.10,0.34,0.18,1.77,8.67
-0.93,-0.08,0.32,0.43,1.40,8.18
-0.93,-0.07,0.31,0.85,-0.24,6.53
-0.93,-0.08,0.32,0.18,-1.28,6.04
-0.93,-0.08,0.32,-0.85,-1.71,5.98
-0.93,-0.09,0.32,-1.65,-3.05,5.80
-0.94,-0.08,0.33,-1.65,-4.21,6.23
-0.93,-0.08,0.35,-1.77,-4.21,5.80
-0.93,-0.07,0.37,-1.71,-2.38,4.64
-0.93,-0.08,0.37,-0.92,-0.61,2.62
-0.92,-0.09,0.36,-0.92,-0.73,2.69
-0.92,-0.08,0.35,-1.77,0.55,3.72
-0.92,-0.07,0.33,-2.75,0.37,3.91
-0.92,-0.07,0.32,-3.05,-0.79,3.97
-0.93,-0.07,0.32,-2.99,-1.46,4.15
-0.93,-0.08,0.33,-2.75,-2.08,4.46
-0.92,-0.08,0.33,-2.32,-2.20,4.88
-0.92,-0.08,0.33,-2.26,-2.87,5.00
-0.91,-0.09,0.34,-1.34,-2.62,5.55
-0.92,-0.09,0.34,-0.73,-3.36,7.32
-0.92,-0.08,0.35,-0.37,-4.46,9.34
-0.93,-0.06,0.36,0.43,-3.66,10.44
-0.94,-0.05,0.36,1.10,-3.48,10.07
-0.95,-0.05,0.37,2.56,-2.75,10.13
-0.96,-0.05,0.38,3.48,-1.65,11.11
-0.97,-0.05,0.38,4.15,-0.43,11.90
-0.97,-0.04,0.38,4.76,0.37,12.15
-0.98,-0.02,0.38,5.13,1.71,12.15
-0.99,-0.00,0.38,4.46,2.56,10.80
-0.98,-0.00,0.37,2.87,2.56,9.16
-0.97,-0.02,0.37,1.04,2.50,7.39
-0.96,-0.05,0.37,0.24,3.30,7.02
-0.95,-0.06,0.36,0.00,3.85,7.08
-0.93,-0.08,0.36,0.24,3.42,7.32
-0.93,-0.09,0.36,0.43,3.30,8.12
-0.92,-0.09,0.37,0.49,3.91,8.61
-0.92,-0.09,0.36,0.00,4.64,9.03
-0.92,-0.08,0.35,-0.73,3.91,9.70
-0.93,-0.07,0.35,-0.85,2.32,10.38
-0.93,-0.05,0.37,-1.10,2.01,10.93
-0.94,-0.02,0.37,-1.65,2.93,9.95
-0.95,-0.01,0.36,-2.38,2.50,8.06
-0.95,0.00,0.37,-2.93,2.20,6.41
-0.94,0.00,0.38,-3.85,3.05,4.64
-0.93,-0.01,0.37,-5.13,3.36,2.69
-0.92,-0.02,0.36,-6.16,3.36,1.59
-0.91,-0.04,0.35,-7.14,2.93,1.28
-0.91,-0.06,0.35,-7.63,2.08,1.28
-0.90,-0.07,0.35,-8.12,1.53,3.11
-0.91,-0.04,0.36,-8.48,1.34,4.46
-0.92,-0.02,0.36,-7.51,2.01,3.42
-0.93,-0.01,0.36,-6.59,1.65,2.81
-0.93,0.01,0.37,-7.08,1.65,2.50
-0.94,0.01,0.37,-7.51,3.23,1.16
-0.94,-0.00,0.35,-8.61,3.91,-0.49
-0.93,-0.02,0.34,-9.34,3.36,-0.49
-0.93,-0.03,0.34,-9.09,2.44,0.79
-0.93,-0.01,0.35,-8.97,2.75,1.46
-0.94,0.00,0.35,-8.73,3.17,0.98
-0.95,0.00,0.35,-8.42,4.03,0.31
-0.95,0.00,0.34,-8.30,4.27,-0.43
-0.94,-0.01,0.33,-8.24,4.09,-1.04
-0.94,-0.03,0.33,-8.54,3.85,-0.92
-0.93,-0.03,0.32,-9.09,3.30,-0.73
-0.93,-0.04,0.33,-8.97,2.38,-0.61
-0.93,-0.04,0.34,-8.24,2.08,0.49
-0.94,-0.02,0.35,-7.45,2.62,1.59
-0.94,-0.01,0.35,-6.71,3.42,1.22
-0.94,-0.01,0.35,-6.23,3.91,0.31
-0.94,-0.03,0.34,-6.16,4.70,0.49
-0.93,-0.03,0.33,-6.23,4.58,1.28
-0.93,-0.03,0.32,-6.29,3.91,1.77
-0.93,-0.02,0.33,-5.98,3.23,1.83
-0.93,-0.01,0.34,-6.23,3.05,2.08
-0.93,-0.00,0.34,-5.98,3.23,2.01
-0.94,-0.00,0.35,-5.80,3.97,1.71
-0.94,-0.00,0.34,-6.29,4.52,1.46
-0.94,-0.00,0.33,-6.35,4.03,0.98
-0.93,-0.01,0.34,-6.35,4.46,0.92
-0.93,-0.02,0.34,-6.23,4.94,1.16
-0.93,-0.02,0.34,-5.74,5.13,1.53
-0.93,-0.01,0.33,-5.62,5.43,1.53
-0.93,-0.00,0.32,-5.55,3.72,0.49
-0.93,-0.02,0.33,-6.04,4.15,0.49
-0.93,-0.02,0.32,-6.53,4.15,1.16
-0.92,-0.02,0.32,-6.53,3.42,1.28
-0.92,-0.03,0.33,-6.53,3.85,0.98
-0.91,-0.04,0.32,-6.53,4.21,0.49
-0.91,-0.05,0.32,-6.29,3.97,1.22
-0.90,-0.05,0.32,-5.68,2.93,2.26
-0.90,-0.05,0.33,-5.19,2.93,2.99
-0.90,-0.05,0.33,-5.25,3.23,2.93
-0.90,-0.06,0.32,-5.19,2.87,3.60
-0.89,-0.05,0.32,-5.92,2.14,5.13
-0.90,-0.04,0.32,-6.29,1.53,5.62
-0.90,-0.04,0.33,-6.10,1.46,6.10
-0.90,-0.03,0.33,-5.80,2.20,6.35
-0.90,-0.02,0.33,-5.31,2.62,6.71
-0.90,-0.02,0.32,-5.19,2.56,6.90
-0.90,-0.01,0.32,-5.37,2.26,6.77
-0.90,-0.00,0.31,-6.16,2.14,6.71
-0.89,0.00,0.31,-7.26,1.28,6.04
-0.89,-0.01,0.31,-7.63,0.92,5.92
-0.89,-0.02,0.31,-7.75,0.43,8.85
-0.88,0.01,0.31,-6.71,0.85,9.22
-0.89,0.02,0.31,-5.86,1.16,8.18
-0.90,0.04,0.31,-5.55,1.71,9.77
-0.90,0.07,0.30,-5.86,2.32,7.45
-0.90,0.07,0.28,-7.20,0.12,5.25
-0.89,0.05,0.29,-8.06,-0.12,4.21
-0.88,0.03,0.28,-9.28,-1.16,3.85
-0.88,0.02,0.28,-10.07,-1.77,3.97
-0.87,0.01,0.29,-7.93,-2.20,5.37
-0.87,0.02,0.29,-6.59,-2.44,6.41
-0.88,0.03,0.30,-5.31,-2.56,6.90
-0.88,0.03,0.30,-3.91,-2.44,7.45
-0.89,0.03,0.29,-2.81,-2.62,8.00
-0.89,0.03,0.29,-2.38,-3.05,8.48
-0.90,0.04,0.28,-2.32,-4.09,8.73
-0.91,0.03,0.29,-1.95,-5.43,8.91
-0.92,0.04,0.30,-1.46,-5.80,9.40
-0.92,0.05,0.30,-0.73,-6.35,9.34
-0.93,0.06,0.31,-0.12,-6.41,8.79
-0.94,0.07,0.31,0.00,-5.62,8.24
-0.95,0.07,0.31,0.12,-6.04,6.41
-0.96,0.06,0.31,0.24,-8.42,8.00
-0.96,0.08,0.33,-0.55,-8.91,7.63
-0.96,0.09,0.34,-1.22,-8.06,3.11
-0.96,0.06,0.33,-2.26,-8.36,1.46
-0.96,0.05,0.34,-3.17,-7.93,0.43
-0.95,0.04,0.34,-3.54,-7.51,-0.37
-0.95,0.03,0.34,-3.36,-7.63,-0.55
-0.95,0.04,0.34,-4.15,-7.45,-1.28
-0.95,0.03,0.34,-5.74,-7.51,-2.44
-0.95,0.03,0.34,-6.77,-9.09,-2.44
-0.94,0.03,0.35,-6.77,-8.79,-4.21
-0.93,0.01,0.36,-7.08,-7.93,-5.80
-0.92,-0.03,0.34,-6.77,-6.47,-5.25
-0.90,-0.05,0.34,-6.47,-7.93,-1.53
-0.89,-0.03,0.36,-4.70,-7.57,-0.06
-0.90,-0.02,0.36,-3.85,-5.86,-0.37
-0.91,-0.02,0.35,-3.85,-5.37,0.79
-0.92,-0.02,0.34,-3.05,-6.47,3.30
-0.93,-0.00,0.34,-2.56,-8.42,5.43
-0.93,0.02,0.36,-2.38,-7.20,3.11
-0.93,0.01,0.36,-2.32,-6.41,1.34
-0.93,-0.03,0.34,-1.22,-6.59,3.17
-0.92,-0.02,0.35,-0.12,-8.36,5.43
-0.91,-0.01,0.37,1.04,-8.00,5.49
-0.92,-0.00,0.38,1.40,-7.20,6.53
-0.93,0.00,0.37,1.89,-7.08,7.63
-0.94,-0.00,0.37,3.23,-7.75,9.40
-0.95,0.02,0.39,4.03,-8.73,11.54
-0.95,0.04,0.41,4.88,-6.35,9.70
-0.96,0.05,0.40,5.19,-5.07,8.42
-0.96,0.05,0.40,5.31,-5.19,8.85
-0.96,0.06,0.41,4.82,-5.19,8.36
-0.95,0.07,0.42,4.39,-3.54,5.62
-0.95,0.06,0.42,4.09,-1.89,4.21
-0.94,0.05,0.41,3.30,-1.65,3.97
-0.94,0.05,0.40,2.38,-2.50,3.91
-0.94,0.05,0.40,1.40,-2.38,3.05
-0.94,0.06,0.40,1.04,-2.69,1.83
-0.93,0.06,0.40,0.06,-3.05,0.92
-0.93,0.06,0.41,-1.04,-3.66,-0.12
-0.93,0.05,0.41,-2.20,-3.05,-1.28
-0.92,0.03,0.40,-3.17,-2.26,-2.08
-0.92,0.01,0.39,-2.93,-2.01,-2.08
-0.92,0.01,0.39,-2.08,-1.95,-1.65
-0.92,0.01,0.38,-2.14,-1.71,-1.89
-0.92,0.01,0.38,-3.23,-1.46,-2.75
-0.92,-0.00,0.38,-3.78,-1.71,-3.17
-0.92,-0.01,0.38,-3.48,-1.71,-2.56
-0.91,-0.03,0.38,-3.05,-1.16,-1.95
-0.91,-0.05,0.38,-2.56,-0.73,-0.67
-0.91,-0.06,0.37,-1.65,-0.55,1.65
-0.92,-0.05,0.38,-0.24,-0.79,4.09
-0.93,-0.02,0.39,0.24,-0.43,5.80
-0.93,0.02,0.40,0.18,0.31,6.23
-0.93,0.04,0.40,0.18,0.73,5.92
-0.93,0.05,0.40,0.61,1.04,5.25
-0.93,0.06,0.40,1.04,1.46,5.00
-0.93,0.07,0.39,1.16,1.65,4.88
-0.93,0.08,0.38,0.79,0.98,4.03
-0.93,0.08,0.39,0.55,0.61,3.05
-0.93,0.08,0.40,0.06,0.55,2.44
-0.92,0.09,0.40,-0.37,1.10,1.28
-0.92,0.08,0.39,-0.31,1.65,-0.12
-0.92,0.06,0.39,0.37,2.01,-0.55
-0.92,0.05,0.39,1.40,2.44,-0.98
-0.93,0.04,0.39,2.14,3.30,0.24
-0.94,0.06,0.38,2.62,3.48,1.89
-0.95,0.08,0.37,3.23,3.11,1.28
-0.97,0.09,0.38,4.21,3.42,0.18
-0.97,0.10,0.38,4.46,2.93,-1.34
-0.98,0.10,0.39,2.93,2.62,-3.11
-0.98,0.09,0.39,2.62,2.56,-4.03
-0.98,0.09,0.40,2.56,3.23,-5.62
-0.97,0.09,0.41,2.93,4.94,-7.08
-0.97,0.08,0.40,3.42,6.10,-8.67
-0.97,0.09,0.40,3.48,6.65,-10.56
-0.97,0.08,0.41,2.93,8.67,-12.70
-0.97,0.07,0.40,2.08,10.07,-14.34
-0.97,0.06,0.38,1.83,10.38,-15.14
-0.96,0.04,0.37,1.46,9.89,-15.08
-0.97,0.03,0.37,0.79,9.52,-13.92
-0.96,0.04,0.35,0.31,8.48,-13.37
-0.95,0.04,0.36,0.55,7.32,-14.22
-0.95,0.03,0.36,0.85,7.93,-14.83
-0.93,0.02,0.35,0.92,8.91,-15.63
-0.92,0.01,0.33,1.22,8.97,-15.63
-0.91,0.01,0.32,1.71,8.18,-15.38
-0.91,0.00,0.33,2.01,7.57,-15.32
-0.91,-0.00,0.33,1.71,7.57,-15.20
-0.90,-0.01,0.32,1.34,7.14,-15.20
-0.90,-0.02,0.32,1.59,6.41,-14.71
-0.90,-0.03,0.32,2.62,6.10,-13.73
-0.90,-0.03,0.32,3.36,5.80,-12.82
-0.90,-0.02,0.32,4.21,5.00,-12.39
-0.91,-0.01,0.33,3.85,5.07,-13.49
-0.91,-0.02,0.33,3.23,4.39,-13.55
-0.91,-0.04,0.33,2.56,3.91,-11.96
-0.91,-0.04,0.33,3.17,3.23,-11.35
-0.92,-0.02,0.35,3.66,3.23,-11.41
-0.93,-0.02,0.35,3.85,3.78,-11.54
-0.94,-0.01,0.35,3.36,3.42,-10.62
-0.94,-0.00,0.35,2.99,3.36,-11.60
-0.93,-0.01,0.36,2.93,3.05,-12.57
-0.93,-0.02,0.37,3.11,4.33,-13.73
-0.93,-0.03,0.36,3.78,5.07,-13.37
-0.94,-0.04,0.36,3.85,5.00,-10.86
-0.94,-0.02,0.36,3.91,4.70,-10.56
-0.94,-0.01,0.35,3.11,4.15,-11.17
-0.93,-0.00,0.36,2.20,4.46,-12.33
-0.94,-0.01,0.35,2.38,5.13,-14.65
-0.94,-0.03,0.35,1.59,4.39,-13.18
-0.93,-0.04,0.34,1.95,5.25,-12.57
-0.92,-0.04,0.33,2.32,4.52,-12.57
-0.92,-0.04,0.33,2.69,4.70,-12.15
-0.92,-0.04,0.33,3.05,5.62,-14.40
-0.93,-0.06,0.32,3.05,4.52,-13.85
-0.93,-0.06,0.32,2.62,4.09,-11.78
-0.93,-0.05,0.32,2.32,3.23,-12.08
-0.92,-0.05,0.32,2.38,2.87,-12.88
-0.92,-0.06,0.33,2.56,4.15,-15.14
-0.92,-0.08,0.32,3.48,3.54,-14.47
-0.92,-0.09,0.32,4.03,3.23,-12.15
-0.92,-0.08,0.33,4.82,3.54,-12.15
-0.92,-0.08,0.33,4.76,4.15,-11.60
-0.92,-0.08,0.33,4.76,4.46,-11.11
-0.92,-0.07,0.33,4.70,4.82,-11.60
-0.92,-0.08,0.32,5.19,5.62,-13.00
-0.92,-0.10,0.31,4.94,4.15,-10.25
-0.92,-0.09,0.31,4.70,3.78,-8.85
-0.92,-0.08,0.31,4.76,3.30,-8.79
-0.92,-0.07,0.31,5.25,3.54,-8.91
-0.92,-0.06,0.31,5.49,4.52,-11.54
-0.93,-0.08,0.31,6.35,4.76,-11.72
-0.93,-0.09,0.29,6.65,4.27,-8.91
-0.92,-0.08,0.28,6.53,2.50,-9.16
-0.92,-0.07,0.29,5.25,1.28,-10.07
-0.91,-0.08,0.29,4.70,2.08,-13.43
-0.92,-0.11,0.28,4.82,0.18,-11.84
-0.92,-0.12,0.29,5.00,-0.85,-9.28
-0.92,-0.10,0.30,5.62,-1.65,-8.48
-0.93,-0.09,0.31,6.53,-0.18,-8.97
-0.93,-0.09,0.30,6.90,-0.24,-8.48
-0.93,-0.08,0.30,7.08,-0.49,-7.93
-0.92,-0.08,0.30,7.14,-0.98,-8.67
-0.92,-0.09,0.30,7.26,-0.43,-9.77
-0.91,-0.10,0.29,7.93,0.06,-11.78
-0.91,-0.13,0.29,8.67,-1.10,-9.70
-0.91,-0.13,0.29,9.34,-1.34,-7.08
-0.90,-0.11,0.28,9.83,-2.93,-6.59
-0.91,-0.11,0.29,10.44,-4.27,-7.26
-0.91,-0.12,0.30,9.22,-6.23,-6.04
-0.91,-0.11,0.29,9.22,-7.87,-6.65
-0.91,-0.12,0.31,8.24,-10.68,-7.08
-0.92,-0.12,0.35,10.99,-7.39,-5.31
-0.92,-0.09,0.34,9.40,-5.49,-5.98
-0.92,-0.10,0.34,8.18,-6.04,-7.08
-0.92,-0.10,0.35,8.18,-4.27,-6.10
-0.93,-0.09,0.36,7.81,-2.01,-6.77
-0.92,-0.11,0.35,7.32,-0.18,-6.96
-0.92,-0.12,0.33,7.87,0.31,-5.92
-0.91,-0.12,0.31,7.93,-2.87,-4.52
-0.91,-0.11,0.32,7.69,-5.68,-4.09
-0.92,-0.11,0.33,8.73,-6.96,-3.48
-0.92,-0.09,0.33,10.07,-7.87,-3.23
-0.92,-0.08,0.34,10.50,-8.85,-4.33
-0.92,-0.09,0.34,10.80,-9.40,-5.55
-0.92,-0.10,0.34,10.62,-10.99,-6.16
-0.91,-0.11,0.35,10.62,-12.33,-5.80
-0.90,-0.12,0.36,10.25,-12.15,-5.25
-0.89,-0.12,0.36,10.07,-10.86,-4.09
-0.90,-0.13,0.36,9.77,-10.44,-2.56
-0.91,-0.11,0.36,8.73,-11.11,-1.59
-0.90,-0.10,0.37,8.54,-10.50,-2.56
-0.90,-0.12,0.37,8.18,-9.83,-2.44
-0.89,-0.12,0.37,8.00,-9.89,-1.04
-0.89,-0.12,0.38,5.98,-9.09,0.18
-0.90,-0.12,0.38,6.04,-8.00,0.49
-0.90,-0.11,0.37,6.77,-8.54,0.55
-0.90,-0.12,0.37,7.08,-10.13,0.24
-0.89,-0.12,0.38,5.62,-10.74,1.71
-0.88,-0.12,0.39,2.93,-9.83,4.21
-0.88,-0.13,0.39,0.67,-8.97,6.65
-0.89,-0.12,0.39,-0.55,-8.61,8.30
-0.90,-0.11,0.39,-0.67,-8.18,8.24
-0.89,-0.10,0.40,-0.61,-8.30,7.45
-0.89,-0.11,0.41,-1.10,-8.00,7.14
-0.89,-0.12,0.41,-1.95,-7.14,7.26
-0.89,-0.12,0.42,-2.32,-6.47,8.00
-0.90,-0.12,0.42,-1.83,-6.41,8.97
-0.91,-0.11,0.42,-0.37,-6.16,9.09
-0.91,-0.09,0.41,1.04,-5.80,8.30
-0.91,-0.08,0.41,1.89,-6.53,7.32
-0.91,-0.07,0.42,1.71,-6.77,6.47
-0.90,-0.08,0.42,1.34,-5.98,6.35
-0.89,-0.10,0.40,1.34,-5.98,6.90
-0.89,-0.10,0.39,2.69,-8.18,8.00
-0.88,-0.09,0.40,3.17,-9.83,8.48
-0.88,-0.09,0.42,3.17,-9.52,9.03
-0.89,-0.09,0.43,2.50,-8.91,9.95
-0.89,-0.09,0.43,2.38,-8.73,10.07
-0.89,-0.09,0.43,2.26,-8.54,9.95
-0.89,-0.08,0.43,2.56,-8.24,9.58
-0.89,-0.08,0.43,2.44,-8.48,8.79
-0.89,-0.07,0.44,1.83,-8.91,7.75
-0.89,-0.07,0.45,2.50,-8.24,7.51
-0.89,-0.07,0.45,2.50,-6.84,7.02
-0.88,-0.08,0.44,2.08,-6.90,6.96
-0.88,-0.08,0.44,1.22,-6.90,7.32
-0.88,-0.09,0.44,0.49,-7.14,7.87
-0.87,-0.10,0.44,0.37,-7.81,8.85
-0.87,-0.09,0.44,-0.06,-7.63,9.77
-0.87,-0.09,0.44,-0.06,-7.32,10.31
-0.88,-0.08,0.45,0.49,-7.32,11.35
-0.89,-0.06,0.45,0.43,-6.77,11.96
-0.89,-0.05,0.46,0.55,-6.35,11.35
-0.89,-0.04,0.46,0.67,-5.49,10.99
-0.89,-0.05,0.45,-0.12,-5.13,11.35
-0.88,-0.03,0.45,-1.77,-4.46,10.19
-0.88,-0.02,0.43,-1.77,-5.25,6.10
-0.89,-0.03,0.42,-0.67,-8.79,5.13
-0.89,-0.03,0.44,0.24,-9.22,3.66
-0.89,-0.02,0.44,0.79,-8.91,2.14
-0.89,-0.03,0.44,1.65,-10.07,2.08
-0.89,-0.03,0.46,2.01,-9.52,2.87
-0.88,-0.04,0.46,1.04,-8.42,3.17
-0.89,-0.05,0.45,0.49,-7.69,5.62
-0.89,-0.04,0.46,0.85,-7.32,7.93
-0.89,-0.03,0.47,0.43,-6.29,8.54
-0.89,-0.02,0.47,-0.06,-4.88,8.79
-0.89,-0.01,0.46,-0.85,-4.33,8.67
-0.89,-0.01,0.45,-1.65,-5.00,7.87
-0.89,-0.01,0.45,-2.50,-6.04,7.26
-0.88,-0.02,0.44,-3.42,-6.10,7.08
-0.88,-0.03,0.44,-5.07,-6.41,7.39
-0.88,-0.04,0.43,-6.04,-7.75,7.69
-0.88,-0.04,0.44,-5.49,-10.19,7.87
-0.89,-0.03,0.46,-3.17,-10.80,7.93
-0.90,-0.01,0.49,-0.85,-10.50,8.24
-0.90,0.01,0.52,0.79,-8.36,8.24
-0.90,0.02,0.51,0.18,-4.94,7.45
-0.89,0.02,0.48,-1.28,-3.78,6.04
-0.88,0.00,0.46,-3.11,-5.07,5.31
-0.87,-0.01,0.46,-5.00,-6.29,5.49
-0.87,-0.02,0.47,-6.10,-6.84,5.98
-0.88,-0.01,0.47,-6.84,-7.75,6.47
-0.88,0.01,0.47,-7.75,-8.73,6.41
-0.87,0.01,0.47,-6.84,-9.40,5.49
-0.86,-0.01,0.45,-5.13,-12.76,6.16
-0.86,-0.02,0.46,-3.42,-17.33,9.03
-0.87,-0.00,0.49,-1.46,-17.88,11.35
-0.86,0.02,0.49,0.06,-16.91,11.96
-0.86,0.02,0.49,0.79,-16.11,11.66
-0.86,0.02,0.48,0.18,-17.15,11.60
-0.87,0.02,0.49,-0.61,-18.01,12.02
-0.87,0.04,0.51,-1.53,-16.97,11.41
-0.87,0.04,0.50,-4.09,-15.26,9.52
-0.85,0.02,0.46,-9.03,-17.94,9.70
-0.84,0.02,0.43,-12.39,-25.76,10.86
-0.84,0.01,0.44,-15.38,-33.14,11.72
-0.84,-0.00,0.46,-16.78,-39.73,14.59
-0.84,0.00,0.50,-16.66,-43.58,17.09
-0.84,0.01,0.53,-15.56,-43.33,18.07
-0.83,-0.00,0.55,-15.20,-42.66,20.14
-0.82,-0.01,0.54,-13.24,-42.18,24.66
-0.81,0.01,0.52,-14.10,-43.82,25.94
-0.80,0.02,0.53,-14.28,-48.95,25.33
-0.80,0.03,0.56,-16.48,-50.96,23.74
-0.80,0.04,0.58,-20.20,-49.80,21.12
-0.80,0.04,0.59,-23.44,-49.01,19.47
-0.79,0.03,0.59,-25.63,-47.73,18.92
-0.78,0.03,0.59,-27.95,-46.26,18.25
-0.77,0.02,0.59,-27.77,-46.33,16.78
-0.76,0.01,0.60,-28.08,-47.91,17.40
-0.76,0.02,0.63,-29.24,-48.34,18.55
-0.77,0.04,0.66,-30.46,-47.73,18.74
-0.77,0.06,0.70,-31.98,-44.43,16.91
-0.77,0.06,0.71,-32.96,-39.67,13.92
-0.76,0.04,0.70,-34.61,-36.38,11.78
-0.76,0.03,0.69,-34.73,-34.48,10.86
-0.75,0.03,0.69,-32.29,-33.39,9.95
-0.75,0.03,0.72,-28.69,-30.76,8.30
-0.75,0.02,0.74,-25.51,-26.49,7.02
-0.75,0.04,0.75,-23.38,-20.81,5.74
-0.74,0.04,0.73,-22.52,-15.56,3.11
-0.74,0.03,0.70,-21.97,-14.71,0.73
-0.73,0.01,0.69,-21.18,-16.05,0.73
-0.73,0.01,0.70,-21.48,-16.54,1.53
-0.73,0.01,0.69,-21.97,-16.42,1.89
-0.73,0.01,0.69,-21.97,-17.52,2.75
-0.74,0.02,0.70,-21.24,-18.55,3.30
-0.73,0.03,0.72,-20.39,-16.54,1.46
-0.72,0.01,0.71,-20.08,-14.59,0.24
-0.72,-0.01,0.69,-18.62,-15.26,1.10
-0.71,-0.02,0.71,-17.15,-15.69,1.53
-0.70,-0.03,0.71,-18.49,-14.47,1.28
-0.70,-0.04,0.66,-21.24,-17.03,2.93
-0.70,-0.04,0.65,-23.19,-23.19,4.33
-0.70,-0.03,0.70,-25.02,-27.16,5.74
-0.70,-0.02,0.74,-26.18,-25.27,5.68
-0.69,-0.02,0.73,-24.60,-21.61,4.64
-0.69,-0.04,0.72,-20.39,-21.42,4.52
-0.68,-0.05,0.75,-16.54,-19.71,4.70
-0.68,-0.05,0.74,-15.44,-17.03,5.31
-0.67,-0.05,0.72,-17.21,-18.25,5.00
-0.67,-0.06,0.73,-21.67,-20.45,4.82
-0.67,-0.07,0.73,-24.72,-20.08,5.49
-0.67,-0.06,0.70,-28.44,-22.34,6.90
-0.66,-0.05,0.70,-31.49,-26.31,6.59
-0.66,-0.06,0.72,-33.02,-28.44,6.16
-0.66,-0.06,0.74,-34.00,-29.24,5.74
-0.65,-0.07,0.76,-31.98,-27.95,4.88
-0.65,-0.08,0.76,-28.99,-26.43,4.46
-0.65,-0.09,0.75,-28.63,-25.82,5.49
-0.65,-0.08,0.72,-34.00,-28.44,6.96
-0.65,-0.06,0.70,-41.20,-34.48,7.14
-0.65,-0.06,0.71,-46.08,-40.65,6.47
-0.64,-0.07,0.76,-46.08,-42.72,5.25
-0.63,-0.08,0.81,-43.52,-39.06,4.64
-0.63,-0.09,0.81,-40.28,-33.75,4.21
-0.62,-0.10,0.80,-36.80,-31.07,4.03
-0.61,-0.10,0.80,-36.56,-29.54,4.58
-0.61,-0.10,0.79,-37.35,-28.50,4.39
-0.60,-0.11,0.77,-40.65,-30.64,4.52
-0.60,-0.11,0.77,-44.37,-33.57,4.52
-0.59,-0.12,0.80,-44.98,-33.94,3.48
-0.58,-0.14,0.83,-42.91,-30.88,2.93
-0.58,-0.15,0.84,-38.64,-26.06,2.99
-0.57,-0.16,0.83,-34.42,-22.22,3.30
-0.57,-0.16,0.82,-32.35,-19.65,3.23
-0.57,-0.17,0.82,-31.25,-17.46,2.99
-0.57,-0.18,0.81,-31.62,-16.97,3.97
-0.57,-0.18,0.80,-32.90,-17.58,4.82
-0.57,-0.18,0.80,-33.94,-18.07,5.31
-0.57,-0.18,0.82,-33.08,-17.46,6.04
-0.56,-0.19,0.84,-30.40,-14.59,5.74
-0.56,-0.19,0.84,-29.48,-11.35,6.10
-0.57,-0.17,0.82,-30.52,-10.31,5.43
-0.56,-0.18,0.81,-29.60,-10.74,3.85
-0.55,-0.20,0.83,-27.71,-10.38,2.93
-0.55,-0.21,0.82,-26.92,-8.73,3.66
-0.56,-0.20,0.78,-28.87,-9.58,4.09
-0.56,-0.19,0.78,-29.05,-12.15,2.75
-0.55,-0.20,0.80,-27.47,-13.18,2.32
-0.55,-0.21,0.82,-27.40,-11.72,2.26
-0.55,-0.21,0.82,-28.56,-10.50,1.65
-0.55,-0.22,0.82,-27.83,-10.19,1.59
-0.54,-0.23,0.84,-25.27,-7.81,1.65
-0.54,-0.23,0.83,-22.95,-5.25,1.65
-0.54,-0.23,0.83,-21.30,-3.60,0.92
-0.54,-0.24,0.83,-18.86,-2.01,0.06
-0.54,-0.24,0.84,-15.81,-0.67,0.67
-0.54,-0.24,0.85,-14.71,2.08,0.18
-0.54,-0.24,0.84,-14.83,4.52,-0.73
-0.54,-0.25,0.82,-13.06,6.90,-0.85
-0.55,-0.26,0.79,-11.17,6.35,-0.18
-0.55,-0.24,0.77,-15.26,3.11,0.49
-0.56,-0.23,0.76,-21.36,0.12,-1.04
-0.55,-0.25,0.77,-23.25,-3.17,-2.01
-0.55,-0.26,0.80,-21.18,-3.36,-1.59
-0.54,-0.27,0.83,-16.97,0.06,-1.53
-0.54,-0.27,0.84,-12.51,4.39,-2.38
-0.54,-0.28,0.86,-7.57,10.38,-3.42
-0.54,-0.29,0.84,-1.89,16.48,-3.48
-0.55,-0.28,0.80,1.34,19.41,-2.99
-0.55,-0.27,0.77,2.01,18.74,-3.11
-0.56,-0.27,0.78,1.10,17.15,-2.93
-0.56,-0.27,0.77,-1.53,16.42,-2.26
-0.57,-0.25,0.75,-5.86,14.22,-2.56
-0.57,-0.25,0.74,-8.79,10.38,-4.03
-0.57,-0.26,0.77,-9.03,8.79,-3.91
-0.56,-0.26,0.79,-6.71,10.07,-3.60
-0.56,-0.26,0.80,-3.11,12.15,-3.97
-0.57,-0.26,0.81,0.31,15.56,-4.39
-0.57,-0.26,0.80,2.87,18.86,-5.25
-0.58,-0.27,0.77,3.11,19.35,-5.80
-0.58,-0.26,0.76,0.85,18.37,-6.53
-0.58,-0.26,0.75,-1.28,16.11,-7.14
-0.58,-0.27,0.75,-2.26,13.98,-6.84
-0.59,-0.27,0.77,-2.62,13.24,-6.23
-0.60,-0.25,0.77,-4.09,12.63,-6.59
-0.60,-0.24,0.77,-6.65,12.76,-8.18
-0.60,-0.24,0.77,-7.69,12.27,-9.52
-0.60,-0.26,0.79,-7.39,12.51,-10.62
-0.59,-0.27,0.81,-6.41,14.95,-11.47
-0.59,-0.28,0.80,-6.41,18.01,-12.15
-0.59,-0.29,0.76,-6.41,20.75,-12.21
-0.60,-0.28,0.72,-5.13,19.47,-12.21
-0.60,-0.27,0.73,-3.72,16.85,-13.18
-0.60,-0.27,0.76,-3.91,17.15,-14.71
-0.60,-0.27,0.76,-5.07,18.07,-16.36
-0.60,-0.27,0.76,-5.31,18.86,-18.13
-0.60,-0.29,0.74,-6.41,18.98,-18.98
-0.60,-0.30,0.72,-7.14,17.70,-18.92
-0.60,-0.30,0.71,-7.87,15.32,-18.92
-0.60,-0.30,0.72,-8.42,13.49,-19.23
-0.60,-0.31,0.73,-8.24,12.76,-19.71
-0.60,-0.33,0.72,-8.00,12.94,-19.65
-0.60,-0.33,0.71,-6.84,12.08,-19.23
-0.60,-0.33,0.72,-7.20,11.05,-19.53
-0.60,-0.33,0.75,-7.08,11.78,-20.02
-0.60,-0.33,0.76,-6.10,15.01,-20.51
-0.60,-0.35,0.74,-4.03,17.46,-20.39
-0.60,-0.36,0.71,-4.70,18.74,-19.96
-0.60,-0.35,0.68,-6.96,17.15,-19.59
-0.60,-0.35,0.68,-7.63,14.83,-19.53
-0.60,-0.35,0.69,-7.32,13.49,-19.65
-0.60,-0.36,0.71,-6.59,14.10,-19.59
-0.60,-0.36,0.71,-5.98,15.01,-19.53
-0.60,-0.38,0.69,-6.35,14.95,-19.04
-0.60,-0.38,0.68,-6.84,13.85,-18.07
-0.61,-0.37,0.69,-6.71,12.70,-17.52
-0.62,-0.36,0.71,-5.31,13.85,-18.55
-0.61,-0.36,0.71,-5.13,15.56,-20.02
-0.61,-0.36,0.70,-6.53,16.85,-21.30
-0.63,-0.34,0.70,-6.84,17.76,-23.38
-0.64,-0.33,0.72,-3.91,19.65,-27.40
-0.63,-0.36,0.73,-2.50,23.74,-30.40
-0.62,-0.39,0.70,-2.38,26.00,-30.64
-0.61,-0.42,0.67,-2.87,24.66,-29.24
-0.60,-0.43,0.66,-3.17,22.89,-27.16
-0.60,-0.43,0.66,-2.93,22.28,-25.15
-0.61,-0.42,0.65,-1.40,22.03,-23.99
-0.62,-0.38,0.65,1.04,21.67,-25.70
-0.61,-0.42,0.63,5.13,21.61,-25.94
-0.63,-0.37,0.66,7.75,20.57,-25.94
-0.64,-0.34,0.67,4.52,26.43,-36.13
-0.63,-0.41,0.62,4.39,25.63,-36.62
-0.59,-0.44,0.61,5.80,21.91,-36.68
-0.60,-0.47,0.60,7.69,17.70,-31.19
-0.64,-0.42,0.64,7.14,15.26,-30.27
-0.63,-0.40,0.68,4.88,20.87,-35.77
-0.60,-0.46,0.64,3.48,20.87,-34.36
-0.60,-0.48,0.62,3.17,16.54,-31.37
-0.61,-0.47,0.63,3.23,15.08,-28.32
-0.61,-0.45,0.63,3.78,15.50,-27.65
-0.61,-0.45,0.63,4.15,16.05,-28.44
-0.62,-0.44,0.63,3.91,15.99,-28.56
-0.63,-0.40,0.64,4.21,16.24,-30.88
-0.63,-0.39,0.65,5.00,18.07,-35.40
-0.63,-0.41,0.65,5.37,20.02,-38.94
-0.63,-0.43,0.65,6.23,21.97,-40.59
-0.62,-0.43,0.65,7.02,24.35,-43.46
-0.60,-0.48,0.66,6.90,26.98,-44.43
-0.57,-0.55,0.63,7.32,28.32,-40.95
-0.57,-0.58,0.61,8.24,24.48,-32.04
-0.59,-0.54,0.63,7.75,23.68,-28.38
-0.59,-0.52,0.63,7.08,27.28,-29.05
-0.59,-0.54,0.58,7.32,23.68,-26.25
-0.60,-0.52,0.57,7.57,19.65,-23.68
-0.59,-0.50,0.59,8.18,17.76,-23.32
-0.59,-0.50,0.59,9.70,16.54,-23.93
-0.59,-0.51,0.59,11.41,15.87,-23.74
-0.60,-0.49,0.60,12.27,16.24,-24.11
-0.60,-0.47,0.62,12.82,17.76,-26.98
-0.59,-0.49,0.63,12.82,20.26,-29.42
-0.59,-0.53,0.63,12.88,22.46,-28.75
-0.59,-0.52,0.62,13.67,23.44,-27.77
-0.60,-0.50,0.61,13.61,24.23,-28.93
-0.60,-0.50,0.62,13.00,25.45,-31.07
-0.59,-0.54,0.62,13.37,26.86,-31.19
-0.59,-0.56,0.60,14.22,26.79,-28.02
-0.59,-0.56,0.57,13.49,24.48,-23.99
-0.60,-0.54,0.57,12.70,21.48,-21.55
-0.62,-0.49,0.60,13.61,19.71,-21.36
-0.62,-0.47,0.63,15.38,22.40,-24.78
-0.61,-0.48,0.63,15.69,25.88,-27.95
-0.60,-0.50,0.61,15.20,27.59,-28.56
-0.61,-0.52,0.61,15.56,27.65,-27.89
-0.61,-0.54,0.60,15.99,28.56,-26.12
-0.61,-0.57,0.58,16.11,28.14,-22.16
-0.60,-0.57,0.58,16.91,26.43,-17.46
-0.60,-0.55,0.61,18.43,27.53,-15.50
-0.61,-0.54,0.61,18.37,30.33,-14.89
-0.61,-0.55,0.57,17.09,29.66,-13.31
-0.62,-0.55,0.55,16.66,26.18,-11.47
-0.62,-0.54,0.56,16.78,23.07,-9.34
-0.62,-0.53,0.58,16.85,22.89,-8.24
-0.63,-0.52,0.59,17.46,23.13,-8.12
-0.63,-0.52,0.62,19.96,24.84,-7.63
-0.63,-0.54,0.65,23.93,30.40,-5.92
-0.62,-0.54,0.65,26.92,36.62,-3.85
-0.63,-0.53,0.64,28.14,40.34,-2.01
-0.64,-0.51,0.65,29.17,44.01,-1.65
-0.64,-0.51,0.67,30.46,50.05,-1.95
-0.64,-0.52,0.65,31.92,55.79,-0.85
-0.65,-0.53,0.60,33.20,57.74,1.40
-0.67,-0.51,0.54,32.47,54.57,3.66
-0.67,-0.49,0.50,30.33,48.77,4.09
-0.66,-0.49,0.50,29.30,43.95,4.39
-0.66,-0.51,0.52,29.54,41.14,6.59
-0.67,-0.50,0.53,30.94,39.43,9.52
-0.69,-0.47,0.56,31.56,39.00,10.56
-0.68,-0.48,0.58,32.29,41.02,10.62
-0.67,-0.50,0.59,33.75,44.31,11.90
-0.67,-0.51,0.60,36.50,48.77,14.53
-0.68,-0.48,0.61,39.25,54.57,16.60
-0.68,-0.46,0.60,40.71,60.12,16.78
-0.69,-0.45,0.58,41.26,64.94,17.03
-0.71,-0.43,0.54,40.59,66.10,16.97
-0.73,-0.41,0.52,40.10,66.71,15.38
-0.73,-0.42,0.50,40.89,67.69,14.89
-0.74,-0.43,0.45,39.98,65.43,16.05
-0.74,-0.42,0.44,37.66,61.04,16.48
-0.74,-0.43,0.46,36.13,58.17,17.03
-0.74,-0.45,0.45,35.95,57.86,19.10
-0.74,-0.45,0.40,35.95,56.21,22.71
-0.76,-0.42,0.35,34.85,49.13,25.82
-0.79,-0.38,0.36,32.04,40.95,26.98
-0.81,-0.35,0.40,30.33,36.32,26.86
-0.81,-0.34,0.42,31.13,36.01,26.18
-0.81,-0.34,0.42,33.81,36.87,25.76
-0.81,-0.33,0.43,36.87,38.64,25.63
-0.81,-0.33,0.44,40.59,41.20,25.70
-0.82,-0.33,0.46,43.15,43.58,25.82
-0.82,-0.32,0.48,43.33,47.36,25.70
-0.83,-0.31,0.48,42.11,51.39,25.21
-0.83,-0.31,0.44,41.08,53.59,24.90
-0.85,-0.31,0.39,38.88,52.43,25.76
-0.87,-0.28,0.35,35.77,46.81,25.88
-0.88,-0.26,0.34,34.73,41.38,24.05
-0.88,-0.26,0.33,34.61,37.29,23.44
-0.89,-0.24,0.34,33.08,32.35,22.64
-0.90,-0.22,0.36,31.31,29.48,20.32
-0.89,-0.22,0.37,30.88,29.36,18.13
-0.89,-0.23,0.39,31.62,30.40,17.21
-0.90,-0.23,0.43,32.78,33.57,17.58
-0.90,-0.21,0.46,34.00,39.18,17.15
-0.89,-0.20,0.45,35.28,45.90,13.98
-0.89,-0.22,0.43,36.87,50.96,12.94
-0.89,-0.22,0.41,37.48,53.89,13.00
-0.89,-0.22,0.38,37.05,55.36,11.78
-0.90,-0.23,0.34,35.10,54.99,12.08
-0.92,-0.22,0.30,33.02,51.33,12.82
-0.92,-0.20,0.28,31.31,47.06,13.55
-0.91,-0.20,0.27,30.33,44.62,12.33
-0.92,-0.20,0.28,30.94,41.63,11.23
-0.92,-0.20,0.31,31.01,41.93,11.11
-0.91,-0.20,0.31,31.62,44.43,10.56
-0.92,-0.21,0.30,33.51,45.23,11.17
-0.92,-0.20,0.31,34.00,46.26,13.49
-0.92,-0.17,0.30,33.08,49.01,12.15
-0.93,-0.17,0.25,31.80,47.30,10.56
-0.94,-0.16,0.22,29.11,43.76,10.25
-0.94,-0.17,0.20,27.10,40.77,10.68
-0.92,-0.19,0.19,26.25,37.23,11.41
-0.93,-0.20,0.20,26.67,33.69,13.31
-0.94,-0.20,0.23,27.95,34.06,15.63
-0.94,-0.17,0.23,27.89,34.30,17.09
-0.95,-0.14,0.23,27.59,34.73,17.40
-0.96,-0.12,0.23,29.17,36.50,17.03
-0.96,-0.13,0.23,31.62,38.57,16.60
-0.97,-0.13,0.24,33.87,40.77,17.21
-0.98,-0.14,0.28,34.42,46.94,18.80
-0.96,-0.12,0.25,34.67,53.22,20.94
-0.95,-0.11,0.21,36.50,52.31,18.74
-0.96,-0.13,0.22,39.67,56.27,19.84
-0.97,-0.10,0.20,40.71,58.72,20.39
-0.98,-0.08,0.19,42.30,59.88,19.10
-0.99,-0.08,0.19,44.07,63.60,17.76
-0.99,-0.09,0.18,45.29,67.02,18.13
-0.99,-0.09,0.17,45.72,70.07,19.41
-0.99,-0.08,0.16,46.02,73.43,20.45
-0.97,-0.08,0.14,47.49,77.09,20.63
-0.96,-0.09,0.10,49.50,77.82,21.00
-0.95,-0.10,0.09,51.76,79.04,21.91
-0.96,-0.08,0.06,52.92,79.90,22.77
-0.96,-0.05,0.03,52.80,79.65,22.77
-0.97,-0.03,-0.01,51.09,77.88,19.78
-0.96,-0.05,-0.06,48.40,73.67,18.31
-0.95,-0.08,-0.09,46.02,66.89,20.08
-0.95,-0.05,-0.10,44.98,59.33,21.97
-0.96,0.01,-0.10,44.37,52.92,17.03
-0.99,0.03,-0.08,43.33,48.10,11.90
-1.01,0.01,-0.03,42.30,51.27,9.46
-1.00,-0.02,-0.03,43.27,56.70,7.32
-0.97,-0.06,-0.04,45.41,61.04,6.23
-0.96,-0.08,-0.06,48.22,62.56,7.39
-0.96,-0.06,-0.06,49.87,64.39,8.54
-0.97,-0.06,-0.08,49.62,67.20,8.42
-0.98,-0.05,-0.13,47.00,66.04,9.28
-0.97,-0.04,-0.18,42.48,61.16,9.77
-0.96,-0.05,-0.22,37.35,54.26,10.62
-0.97,-0.05,-0.24,33.26,45.72,12.21
-0.97,-0.03,-0.24,29.54,38.88,13.49
-0.98,-0.02,-0.24,26.61,31.62,12.82
-0.99,-0.02,-0.21,24.11,28.69,12.70
-0.98,-0.03,-0.19,22.09,28.14,11.96
-0.97,-0.04,-0.19,21.73,27.22,12.39
-0.97,-0.04,-0.18,23.13,27.77,13.67
-0.98,-0.02,-0.17,24.96,28.69,15.14
-0.99,0.01,-0.17,25.63,29.66,15.32
-0.99,0.03,-0.19,24.29,30.15,14.83
-0.99,0.03,-0.21,21.97,28.81,13.55
-0.98,0.02,-0.22,20.14,27.04,11.96
-0.97,-0.01,-0.23,19.53,26.00,11.41
-0.96,-0.04,-0.25,20.26,24.84,13.73
-0.96,-0.01,-0.25,20.81,23.13,15.93
-0.97,0.02,-0.23,20.63,22.52,15.87
-0.97,0.02,-0.23,20.14,23.13,15.38
-0.97,0.02,-0.23,19.59,23.25,15.26
-0.96,0.01,-0.24,18.19,23.80,15.32
-0.96,0.01,-0.26,15.81,22.83,15.38
-0.96,0.01,-0.28,13.06,20.87,15.93
-0.97,0.03,-0.30,10.99,16.97,16.11
-0.98,0.05,-0.29,9.03,13.06,15.93
-0.98,0.07,-0.29,6.47,10.13,14.16
-0.97,0.04,-0.29,5.00,7.51,12.08
-0.96,0.02,-0.29,4.70,4.88,12.39
-0.95,0.03,-0.25,6.96,3.11,12.45
-0.95,0.04,-0.20,12.88,5.31,9.03
-0.96,0.04,-0.17,16.91,12.27,8.06
-0.95,0.03,-0.19,18.86,18.31,7.75
-0.95,0.03,-0.23,18.98,18.92,7.45
-0.95,0.02,-0.25,17.40,18.80,7.87
-0.96,0.03,-0.27,14.95,17.58,8.06
-0.97,0.05,-0.29,11.41,13.79,7.39
-0.97,0.06,-0.29,6.96,10.56,6.90
-0.96,0.04,-0.29,4.39,8.00,7.20
-0.95,0.02,-0.28,4.46,6.96,8.00
-0.94,0.00,-0.26,5.62,7.87,10.25
-0.94,0.02,-0.26,6.04,9.03,12.82
-0.95,0.05,-0.28,5.62,9.09,13.43
-0.95,0.05,-0.27,6.41,8.73,13.18
-0.95,0.05,-0.25,8.79,10.44,14.65
-0.95,0.07,-0.25,10.68,12.51,14.83
-0.97,0.11,-0.27,11.11,13.06,12.82
-0.97,0.11,-0.29,9.70,14.53,9.40
-0.97,0.09,-0.32,7.14,11.84,7.81
-0.96,0.07,-0.32,3.91,8.67,7.14
-0.95,0.05,-0.33,1.34,6.53,7.45
-0.94,0.04,-0.34,0.00,4.09,9.03
-0.94,0.03,-0.33,-0.85,2.08,11.72
-0.94,0.04,-0.33,-2.38,1.04,13.55
-0.94,0.05,-0.35,-4.58,-1.71,15.93
-0.94,0.05,-0.35,-7.08,-5.92,20.20
-0.95,0.09,-0.35,-9.95,-10.74,22.16
-0.96,0.11,-0.36,-12.27,-17.58,21.61
-0.96,0.12,-0.34,-13.79,-22.52,19.96
-0.97,0.12,-0.32,-14.47,-25.27,18.37
-0.97,0.12,-0.30,-15.01,-26.86,17.33
-0.97,0.13,-0.29,-14.65,-26.06,15.44
-0.97,0.13,-0.30,-14.04,-25.39,13.73
-0.97,0.14,-0.32,-14.22,-27.34,12.88
-0.97,0.15,-0.32,-15.56,-30.64,10.68
-0.97,0.15,-0.31,-17.46,-33.75,9.03
-0.97,0.12,-0.29,-18.98,-37.05,9.95
-0.97,0.12,-0.24,-19.35,-37.54,11.11
-0.97,0.13,-0.23,-19.04,-35.10,11.05
-0.96,0.12,-0.23,-19.04,-34.48,12.15
-0.96,0.11,-0.23,-19.23,-35.95,14.77
-0.96,0.13,-0.22,-20.20,-36.38,15.63
-0.96,0.15,-0.21,-21.73,-36.44,14.65
-0.97,0.16,-0.21,-22.28,-37.23,12.57
-0.97,0.15,-0.18,-21.24,-35.71,10.56
-0.96,0.12,-0.18,-19.90,-34.00,11.29
-0.95,0.10,-0.17,-19.41,-34.73,15.01
-0.96,0.13,-0.14,-19.23,-34.36,17.03
-0.96,0.17,-0.13,-18.49,-32.29,15.93
-0.96,0.15,-0.14,-17.40,-30.70,15.69
-0.95,0.12,-0.15,-17.21,-33.94,20.02
-0.95,0.13,-0.11,-16.30,-34.42,23.32
-0.96,0.17,-0.09,-16.11,-31.56,22.58
-0.96,0.18,-0.10,-16.72,-30.03,20.87
-0.96,0.18,-0.10,-16.85,-29.42,19.96
-0.96,0.20,-0.10,-16.72,-28.93,18.49
-0.96,0.20,-0.09,-16.66,-26.92,16.91
-0.96,0.17,-0.11,-17.52,-27.16,18.01
-0.96,0.16,-0.09,-18.62,-30.27,21.85
-0.96,0.19,-0.06,-18.92,-28.20,23.25
-0.97,0.20,-0.06,-17.88,-25.21,23.62
-0.97,0.20,-0.07,-15.63,-24.41,23.68
-0.97,0.24,-0.06,-14.71,-22.77,22.28
-0.97,0.26,-0.04,-15.14,-19.41,19.84
-0.97,0.26,-0.06,-15.93,-16.66,16.97
-0.97,0.24,-0.07,-15.14,-16.17,15.20
-0.97,0.24,-0.07,-14.22,-16.30,13.98
-0.97,0.23,-0.06,-13.24,-16.24,12.15
-0.97,0.23,-0.05,-13.00,-16.05,12.08
-0.96,0.24,-0.04,-13.79,-14.28,11.35
-0.96,0.26,-0.05,-15.50,-14.28,9.77
-0.96,0.25,-0.05,-16.24,-15.63,8.48
-0.96,0.24,-0.05,-16.72,-16.36,8.24
-0.97,0.24,-0.03,-16.48,-16.36,8.42
-0.97,0.26,-0.02,-17.27,-14.95,7.51
-0.97,0.26,-0.02,-17.58,-13.18,5.80
-0.97,0.26,-0.03,-17.52,-13.61,5.25
-0.97,0.27,-0.04,-20.26,-14.89,5.13
-0.97,0.27,-0.03,-23.56,-16.05,4.39
-0.97,0.27,-0.02,-25.63,-16.36,3.78
-0.97,0.27,-0.01,-26.67,-16.60,2.62
-0.96,0.26,-0.00,-26.86,-16.17,1.89
-0.96,0.25,0.00,-27.95,-16.36,1.71
-0.97,0.25,0.00,-29.72,-16.48,1.95
-0.97,0.26,-0.00,-31.19,-17.33,1.53
-0.97,0.26,0.00,-32.04,-18.49,1.95
-0.97,0.27,0.02,-31.37,-18.86,1.59
-0.96,0.27,0.04,-29.36,-17.82,0.67
-0.97,0.27,0.03,-29.17,-17.58,0.00
-0.97,0.27,0.02,-30.58,-19.29,0.06
-0.97,0.28,0.02,-31.74,-21.67,-0.49
-0.97,0.28,0.04,-32.59,-23.25,-1.71
-0.96,0.28,0.06,-32.96,-22.89,-2.56
-0.96,0.27,0.07,-32.04,-21.97,-3.60
-0.96,0.26,0.08,-29.42,-21.00,-4.27
-0.96,0.26,0.10,-26.49,-19.04,-5.25
-0.95,0.25,0.10,-24.29,-16.91,-6.16
-0.95,0.24,0.11,-23.62,-15.08,-5.62
-0.95,0.24,0.11,-23.19,-14.10,-4.76
-0.95,0.23,0.10,-23.44,-13.67,-4.76
-0.96,0.23,0.09,-24.66,-14.59,-3.78
-0.96,0.25,0.09,-26.25,-15.69,-3.11
-0.96,0.25,0.09,-27.59,-16.60,-3.85
-0.96,0.24,0.10,-27.16,-17.70,-4.64
-0.95,0.23,0.12,-26.12,-16.97,-4.46
-0.95,0.24,0.12,-24.66,-16.24,-4.94
-0.95,0.25,0.14,-22.77,-15.08,-6.71
-0.95,0.24,0.14,-21.06,-13.06,-8.36
-0.95,0.23,0.13,-20.75,-12.33,-8.18
-0.95,0.21,0.11,-21.97,-13.24,-6.96
-0.95,0.20,0.10,-23.99,-15.63,-5.13
-0.95,0.20,0.12,-25.82,-17.64,-3.60
-0.95,0.21,0.13,-26.43,-17.88,-3.17
-0.95,0.21,0.15,-25.76,-17.33,-3.23
-0.94,0.22,0.16,-24.72,-15.87,-3.36
-0.95,0.23,0.17,-23.50,-14.47,-4.33
-0.95,0.23,0.18,-20.81,-12.57,-5.86
-0.95,0.23,0.20,-17.46,-8.97,-7.02
-0.95,0.22,0.20,-14.89,-5.55,-7.32
-0.95,0.21,0.21,-12.51,-2.56,-7.75
-0.94,0.20,0.20,-10.68,-0.06,-7.57
-0.95,0.20,0.19,-10.50,0.61,-6.90
-0.94,0.20,0.18,-11.47,0.61,-6.41
-0.94,0.19,0.18,-11.90,-0.24,-5.74
-0.95,0.20,0.19,-11.17,-0.12,-4.76
-0.95,0.21,0.19,-10.25,1.40,-5.19
-0.95,0.21,0.19,-9.09,2.81,-6.04
-0.95,0.21,0.19,-7.51,4.27,-6.65
-0.95,0.20,0.19,-5.86,5.49,-7.08
-0.95,0.19,0.18,-6.10,5.55,-6.59
-0.96,0.20,0.17,-7.63,4.94,-6.41
-0.96,0.20,0.16,-9.03,3.60,-6.84
-0.96,0.19,0.15,-9.89,2.26,-6.47
-0.96,0.19,0.17,-10.38,1.34,-5.55
-0.96,0.20,0.18,-10.38,2.32,-5.86
-0.96,0.21,0.18,-9.46,3.48,-6.65
-0.97,0.22,0.18,-8.48,4.21,-7.20
-0.97,0.23,0.19,-7.93,6.10,-8.85
-0.97,0.24,0.18,-7.63,7.63,-10.44
-0.98,0.25,0.17,-7.51,8.00,-12.51
-0.98,0.23,0.17,-7.14,8.12,-15.08
-0.98,0.21,0.15,-9.34,7.39,-15.93
-0.97,0.18,0.12,-14.28,3.91,-15.63
-0.97,0.17,0.11,-18.74,-0.98,-15.44
-0.96,0.16,0.12,-21.30,-4.27,-15.44
-0.96,0.15,0.14,-22.09,-6.84,-14.47
-0.96,0.15,0.18,-21.67,-6.71,-12.94
-0.96,0.17,0.20,-20.32,-4.03,-13.06
-0.96,0.18,0.20,-18.01,-0.92,-14.71
-0.96,0.16,0.20,-14.95,1.89,-15.93
-0.96,0.15,0.20,-12.94,3.91,-15.63
-0.96,0.14,0.19,-12.33,6.16,-15.32
-0.96,0.13,0.15,-13.73,5.98,-14.40
-0.96,0.12,0.13,-16.30,2.87,-13.24
-0.97,0.12,0.14,-18.31,-0.06,-12.45
-0.97,0.13,0.15,-21.00,-2.08,-12.15
-0.97,0.14,0.15,-22.89,-3.66,-12.57
-0.97,0.15,0.15,-23.01,-5.00,-13.43
-0.97,0.14,0.17,-23.01,-5.49,-13.79
-0.97,0.14,0.17,-22.58,-5.49,-13.98
-0.97,0.14,0.18,-21.36,-5.07,-15.08
-0.97,0.14,0.18,-20.57,-4.39,-16.36
-0.97,0.12,0.17,-22.40,-4.76,-16.85
-0.97,0.11,0.14,-25.39,-7.02,-17.03
-0.96,0.09,0.14,-26.98,-10.62,-16.48
-0.97,0.09,0.17,-28.26,-12.33,-15.26
-0.97,0.10,0.19,-29.66,-12.70,-15.14
-0.97,0.10,0.19,-29.17,-12.08,-15.69
-0.96,0.08,0.18,-27.16,-11.90,-16.11
-0.95,0.06,0.19,-24.84,-12.27,-15.56
-0.96,0.06,0.22,-22.64,-10.80,-13.98
-0.96,0.07,0.21,-22.03,-9.70,-13.06
-0.96,0.08,0.19,-23.07,-10.13,-13.55
-0.97,0.08,0.18,-24.84,-12.21,-13.98
-0.97,0.08,0.17,-27.71,-14.59,-14.59
-0.97,0.07,0.18,-29.85,-17.70,-14.95
-0.96,0.05,0.20,-30.33,-19.84,-14.71
-0.96,0.05,0.22,-29.42,-19.78,-14.47
-0.96,0.05,0.23,-28.26,-19.17,-14.28
-0.96,0.04,0.23,-27.22,-18.55,-14.10
-0.95,0.03,0.23,-25.94,-18.19,-13.85
-0.96,0.03,0.24,-25.27,-18.49,-12.94
-0.96,0.04,0.25,-25.27,-18.31,-13.18
-0.97,0.04,0.26,-25.33,-17.15,-14.16
-0.96,0.04,0.26,-25.45,-16.85,-14.65
-0.96,0.03,0.26,-27.04,-16.66,-14.47
-0.96,0.01,0.25,-29.97,-17.09,-13.98
-0.95,-0.00,0.24,-31.13,-18.55,-13.31
-0.96,-0.00,0.26,-31.68,-18.62,-12.70
-0.95,0.00,0.29,-32.53,-17.70,-12.70
-0.95,0.00,0.29,-33.69,-16.24,-12.63
-0.96,0.01,0.29,-33.63,-15.14,-13.06
-0.96,0.01,0.28,-33.69,-15.08,-12.88
-0.96,0.01,0.29,-35.03,-15.56,-13.24
-0.96,0.01,0.28,-36.62,-16.30,-13.98
-0.96,-0.01,0.27,-37.78,-17.03,-13.55
-0.95,-0.02,0.27,-38.88,-17.52,-12.63
-0.94,-0.03,0.25,-38.21,-18.74,-11.72
-0.94,-0.04,0.25,-34.73,-20.63,-11.72
-0.94,-0.04,0.28,-31.37,-20.39,-11.29
-0.94,-0.03,0.29,-29.42,-19.47,-11.29
-0.94,-0.04,0.29,-28.75,-18.98,-11.84
-0.94,-0.04,0.29,-29.91,-19.53,-11.47
-0.94,-0.04,0.28,-32.53,-21.30,-11.29
-0.94,-0.03,0.28,-35.40,-23.74,-12.15
-0.94,-0.04,0.30,-37.17,-24.60,-13.49
-0.93,-0.07,0.32,-35.89,-23.50,-13.67
-0.92,-0.10,0.33,-32.90,-22.22,-12.63
-0.92,-0.11,0.34,-30.58,-20.20,-10.01
-0.92,-0.10,0.34,-29.24,-18.55,-8.18
-0.92,-0.09,0.34,-26.92,-18.01,-7.63
-0.92,-0.08,0.36,-25.15,-16.78,-7.75
-0.92,-0.09,0.37,-24.29,-14.89,-8.30
-0.92,-0.11,0.36,-24.41,-13.49,-7.63
-0.91,-0.12,0.34,-26.43,-13.85,-6.10
-0.91,-0.12,0.35,-29.48,-15.32,-5.49
-0.91,-0.12,0.37,-32.96,-15.14,-5.55
-0.91,-0.13,0.40,-35.71,-13.67,-5.43
-0.91,-0.14,0.44,-37.96,-11.60,-4.15
-0.91,-0.13,0.46,-40.22,-7.81,-3.42
-0.91,-0.12,0.45,-43.03,-3.97,-3.60
-0.90,-0.13,0.43,-44.92,-1.16,-3.60
-0.91,-0.14,0.40,-44.68,1.34,-3.17
-0.91,-0.13,0.36,-42.42,2.38,-2.87
-0.92,-0.10,0.32,-39.55,2.20,-3.23
-0.93,-0.08,0.29,-36.01,-0.31,-5.13
-0.93,-0.09,0.30,-31.92,-3.17,-6.59
-0.93,-0.09,0.31,-29.17,-4.64,-7.81
-0.93,-0.10,0.30,-28.38,-7.26,-8.67
-0.93,-0.11,0.31,-28.26,-10.38,-9.58
-0.92,-0.13,0.33,-27.89,-12.02,-9.95
-0.92,-0.14,0.35,-26.61,-12.33,-9.64
-0.91,-0.15,0.37,-24.84,-11.35,-9.22
-0.90,-0.16,0.38,-22.46,-9.52,-8.24
-0.90,-0.17,0.38,-19.41,-7.14,-7.14
-0.90,-0.17,0.38,-17.58,-5.19,-6.04
-0.90,-0.17,0.37,-16.36,-3.97,-5.37
-0.90,-0.18,0.36,-14.89,-3.23,-4.76
-0.91,-0.17,0.36,-14.53,-3.17,-3.66
-0.92,-0.14,0.36,-14.65,-3.66,-4.58
-0.92,-0.13,0.36,-14.65,-2.87,-6.35
-0.92,-0.14,0.35,-14.10,-3.05,-8.18
-0.91,-0.15,0.35,-13.79,-2.99,-9.22
-0.91,-0.17,0.35,-15.20,-3.60,-9.58
-0.90,-0.20,0.34,-16.72,-4.76,-9.22
-0.89,-0.22,0.34,-17.27,-5.62,-7.87
-0.88,-0.22,0.34,-17.03,-6.23,-6.77
-0.88,-0.23,0.35,-16.78,-6.16,-5.68
-0.88,-0.22,0.36,-16.72,-5.74,-4.64
-0.88,-0.21,0.38,-16.48,-4.64,-4.09
-0.88,-0.22,0.40,-14.95,-2.99,-3.11
-0.89,-0.22,0.41,-12.70,-0.18,-1.71
-0.89,-0.21,0.41,-11.47,2.56,-1.89
-0.89,-0.21,0.40,-11.54,4.64,-1.95
-0.90,-0.20,0.38,-12.94,5.07,-1.83
-0.91,-0.19,0.36,-15.81,3.72,-2.32
-0.91,-0.19,0.35,-18.68,2.01,-3.23
-0.91,-0.19,0.33,-21.00,-0.55,-3.85
-0.91,-0.19,0.33,-22.77,-2.69,-4.88
-0.90,-0.21,0.34,-22.22,-4.39,-4.88
-0.89,-0.22,0.35,-19.90,-4.09,-3.85
-0.89,-0.22,0.37,-16.60,-2.81,-2.87
-0.89,-0.22,0.38,-12.57,-0.55,-1.77
-0.90,-0.22,0.38,-10.01,2.08,-0.49
-0.90,-0.21,0.36,-10.86,2.08,0.31
-0.90,-0.21,0.35,-12.88,1.10,0.43
-0.90,-0.21,0.36,-13.61,0.49,0.67
-0.90,-0.22,0.36,-11.96,1.34,1.28
-0.91,-0.22,0.37,-8.06,2.56,2.62
-0.91,-0.22,0.38,-2.99,4.15,4.03
-0.91,-0.21,0.39,1.40,6.41,4.70
-0.91,-0.21,0.39,4.15,8.54,5.62
-0.91,-0.21,0.38,8.12,10.44,6.71
-0.90,-0.23,0.39,13.98,12.76,8.00
-0.89,-0.29,0.39,23.19,16.30,13.12
-0.88,-0.26,0.41,31.13,18.68,23.01
-0.88,-0.21,0.42,36.93,24.17,22.52
-0.90,-0.23,0.40,43.03,27.16,27.22
-0.90,-0.19,0.39,46.45,31.19,26.98
-0.89,-0.20,0.40,49.87,36.50,23.56
-0.89,-0.23,0.38,54.75,41.44,26.92
-0.90,-0.21,0.32,59.02,42.60,29.30
-0.91,-0.19,0.29,60.91,41.14,31.07
-0.92,-0.15,0.26,58.11,37.29,31.01
-0.94,-0.11,0.24,50.35,30.82,29.66
-0.95,-0.06,0.21,40.04,24.11,25.94
-0.95,-0.06,0.21,31.68,17.09,19.78
-0.95,-0.09,0.23,29.85,13.00,18.49
-0.95,-0.09,0.25,30.58,10.25,18.92
-0.94,-0.08,0.30,33.51,10.38,18.19
-0.93,-0.10,0.34,37.60,13.79,18.37
-0.92,-0.11,0.36,41.75,17.76,20.69
-0.92,-0.10,0.36,43.52,23.62,22.28
-0.93,-0.09,0.32,41.56,27.47,20.45
-0.95,-0.08,0.25,35.71,26.86,20.02
-0.97,-0.04,0.18,25.57,20.14,19.23
-0.97,-0.00,0.15,16.24,11.11,16.42
-0.97,-0.01,0.16,10.93,4.46,13.61
-0.97,-0.02,0.19,10.44,0.67,12.39
-0.97,-0.02,0.22,13.67,0.18,11.29
-0.96,-0.01,0.25,18.80,1.28,10.19
-0.96,0.00,0.29,22.58,4.33,8.06
-0.95,-0.01,0.32,25.27,8.54,6.65
-0.94,-0.03,0.35,27.22,13.18,7.39
-0.94,-0.05,0.34,29.05,18.07,8.48
-0.94,-0.07,0.30,28.93,20.63,10.01
-0.95,-0.06,0.25,24.84,19.35,12.57
-0.96,-0.03,0.20,18.98,15.08,13.43
-0.97,-0.00,0.18,14.34,10.25,11.84
-0.97,0.01,0.18,12.94,6.77,10.07
-0.96,0.00,0.19,14.83,4.70,8.85
-0.96,0.01,0.23,18.68,4.52,7.93
-0.96,0.01,0.28,23.01,6.35,7.26
-0.95,0.00,0.32,27.59,10.93,6.90
-0.94,-0.02,0.32,31.80,15.99,8.12
-0.95,-0.02,0.30,34.36,19.04,10.07
-0.95,-0.01,0.29,34.91,21.12,9.89
-0.95,-0.03,0.28,33.57,22.95,10.74
-0.95,-0.03,0.23,31.31,22.46,13.00
-0.95,-0.02,0.21,29.72,19.78,14.83
-0.96,0.00,0.21,28.56,17.64,16.24
-0.96,0.03,0.21,27.71,17.27,16.30
-0.97,0.05,0.20,27.16,16.48,15.63
-0.97,0.05,0.18,27.34,14.71,14.89
-0.97,0.04,0.18,29.24,11.84,15.81
-0.96,0.04,0.21,32.23,12.21,15.50
-0.96,0.02,0.24,33.94,13.55,16.24
-0.95,0.02,0.26,35.77,15.99,17.58
-0.96,0.03,0.26,37.48,19.17,18.07
-0.96,0.05,0.25,37.66,22.52,17.70
-0.96,0.06,0.23,36.38,24.11,17.58
-0.96,0.06,0.20,35.28,23.86,18.68
-0.97,0.07,0.17,35.28,22.83,19.59
-0.96,0.08,0.15,36.68,21.79,20.45
-0.97,0.10,0.15,36.93,20.32,20.57
-0.97,0.10,0.17,36.32,21.06,19.04
-0.97,0.07,0.16,36.74,22.16,19.78
-0.96,0.06,0.15,37.90,21.36,22.34
-0.96,0.08,0.16,38.76,22.28,23.74
-0.96,0.11,0.15,38.51,23.44,23.50
-0.97,0.13,0.15,38.21,23.07,22.22
-0.97,0.14,0.16,38.02,25.21,20.75
-0.97,0.16,0.14,37.11,26.37,20.20
-0.98,0.19,0.11,34.30,25.15,17.76
-0.99,0.18,0.09,31.37,22.34,15.20
-0.99,0.18,0.08,28.32,19.90,13.43
-0.99,0.17,0.08,25.94,18.55,11.17
-0.98,0.16,0.07,23.68,17.52,11.05
-0.98,0.16,0.05,21.18,14.83,10.68
-0.98,0.15,0.05,19.71,12.27,10.80
-0.98,0.15,0.06,17.64,10.38,11.78
-0.98,0.16,0.07,15.93,9.28,11.78
-0.97,0.16,0.08,14.22,9.52,11.29
-0.97,0.16,0.09,12.82,8.85,11.60
-0.97,0.18,0.10,11.23,10.13,10.74
-0.97,0.18,0.08,10.01,11.11,9.70
-0.97,0.18,0.07,8.79,10.68,8.97
-0.97,0.17,0.06,7.81,10.93,8.73
-0.97,0.17,0.05,7.51,9.40,9.09
-0.97,0.16,0.05,7.02,8.42,9.70
-0.97,0.16,0.06,5.49,7.69,10.01
-0.96,0.16,0.06,3.30,6.84,10.86
-0.96,0.15,0.06,1.34,5.92,12.51
-0.95,0.13,0.05,0.24,4.58,14.77
-0.95,0.13,0.06,0.06,3.66,17.82
-0.95,0.14,0.07,0.31,3.36,20.14
-0.95,0.16,0.07,-0.06,3.72,21.00
-0.95,0.18,0.06,-0.24,2.69,22.09
-0.96,0.20,0.07,-0.67,3.23,22.46
-0.96,0.22,0.08,-2.20,2.75,22.28
-0.96,0.23,0.10,-3.78,2.81,21.85
-0.96,0.23,0.11,-5.37,4.27,21.61
-0.96,0.23,0.11,-6.96,5.07,21.97
-0.96,0.23,0.09,-8.30,6.04,22.09
-0.96,0.23,0.08,-10.19,5.62,22.03
-0.96,0.23,0.08,-11.96,5.80,21.91
-0.96,0.22,0.05,-12.02,5.49,22.58
-0.95,0.22,0.02,-9.89,3.78,23.80
-0.95,0.23,0.03,-7.75,1.89,25.45
-0.95,0.26,0.05,-7.51,0.61,25.82
-0.96,0.29,0.07,-8.85,0.00,25.09
-0.96,0.30,0.07,-10.19,0.06,22.95
-0.95,0.28,0.08,-11.35,-0.85,21.61
-0.95,0.27,0.10,-12.88,0.31,20.81
-0.95,0.28,0.11,-14.04,0.55,20.63
-0.95,0.29,0.11,-15.38,2.01,19.90
-0.95,0.29,0.07,-15.44,2.20,19.23
-0.96,0.29,0.03,-15.26,0.49,19.59
-0.96,0.30,0.03,-15.26,-2.32,19.96
-0.96,0.30,0.05,-15.56,-4.09,20.32
-0.95,0.30,0.08,-15.75,-4.09,20.75
-0.94,0.30,0.08,-15.38,-3.48,21.30
-0.94,0.30,0.08,-14.40,-3.36,21.55
-0.93,0.29,0.08,-13.67,-2.56,21.67
-0.92,0.27,0.08,-13.61,-1.65,23.07
-0.92,0.27,0.06,-14.59,-3.05,25.39
-0.93,0.29,0.04,-16.05,-4.58,25.88
-0.93,0.31,0.02,-16.85,-8.18,26.12
-0.93,0.32,0.04,-17.76,-10.93,26.18
-0.92,0.33,0.06,-19.41,-12.76,25.94
-0.92,0.32,0.07,-21.24,-13.73,25.45
-0.91,0.30,0.09,-23.13,-15.81,27.53
-0.92,0.32,0.11,-25.51,-15.69,28.44
-0.92,0.36,0.11,-25.88,-15.87,28.56
-0.93,0.41,0.12,-25.02,-16.11,26.31
-0.93,0.43,0.13,-23.74,-15.20,22.34
-0.93,0.42,0.13,-22.89,-14.16,18.49
-0.93,0.41,0.13,-23.07,-13.79,15.63
-0.94,0.41,0.13,-23.56,-14.28,13.06
-0.93,0.42,0.13,-23.86,-14.65,9.77
-0.93,0.42,0.14,-23.68,-15.08,6.59
-0.92,0.40,0.17,-22.71,-13.31,3.78
-0.91,0.38,0.18,-21.24,-10.68,2.50
-0.91,0.36,0.17,-19.65,-8.85,2.93
-0.91,0.37,0.17,-18.31,-8.06,3.17
-0.91,0.39,0.17,-17.21,-7.08,1.46
-0.90,0.38,0.16,-16.72,-6.59,0.06
-0.90,0.36,0.15,-17.21,-7.93,0.61
-0.90,0.36,0.15,-18.92,-9.95,1.59
-0.90,0.35,0.16,-20.63,-11.60,1.83
-0.90,0.35,0.18,-21.55,-11.84,1.95
-0.90,0.34,0.18,-21.73,-11.47,2.20
-0.90,0.34,0.17,-21.42,-11.47,2.20
-0.90,0.35,0.18,-20.14,-11.29,1.77
-0.90,0.36,0.19,-17.64,-11.17,0.79
-0.90,0.36,0.19,-15.56,-10.31,0.18
-0.90,0.37,0.19,-14.47,-10.62,-0.18
-0.90,0.37,0.19,-14.40,-10.86,-1.40
-0.90,0.36,0.18,-16.97,-11.72,-1.83
-0.90,0.36,0.16,-21.42,-15.44,-1.04
-0.90,0.36,0.18,-24.72,-18.68,-2.26
-0.89,0.35,0.19,-26.61,-19.84,-3.48
-0.88,0.32,0.18,-27.10,-22.03,-2.81
-0.88,0.32,0.18,-26.25,-24.11,-2.20
-0.88,0.33,0.21,-23.74,-25.70,-2.50
-0.88,0.34,0.25,-20.51,-24.05,-2.44
-0.89,0.34,0.27,-17.58,-21.36,-1.65
-0.89,0.35,0.26,-15.56,-20.08,-0.61
-0.90,0.36,0.26,-14.34,-19.59,-0.67
-0.90,0.36,0.26,-13.43,-19.41,-0.37
-0.90,0.35,0.25,-13.98,-19.53,1.59
-0.90,0.37,0.23,-16.66,-22.58,3.54
-0.90,0.39,0.23,-18.86,-25.82,1.59
-0.90,0.37,0.25,-19.84,-26.92,-0.06
-0.90,0.37,0.28,-19.53,-26.98,1.40
-0.90,0.39,0.32,-18.74,-25.21,0.79
-0.89,0.39,0.34,-17.03,-20.63,-1.40
-0.89,0.37,0.33,-15.26,-17.76,-1.83
-0.89,0.36,0.31,-14.40,-17.64,-1.10
-0.89,0.37,0.30,-14.22,-18.55,-0.73
-0.89,0.38,0.29,-15.14,-19.90,-1.28
-0.89,0.38,0.29,-16.85,-22.52,-2.20
-0.89,0.38,0.29,-18.92,-25.27,-3.17
-0.89,0.38,0.29,-20.81,-26.73,-4.82
-0.88,0.37,0.30,-21.18,-28.87,-6.77
-0.87,0.34,0.31,-20.45,-29.54,-7.81
-0.86,0.32,0.34,-19.10,-29.60,-8.18
-0.85,0.30,0.36,-17.27,-27.53,-7.87
-0.85,0.29,0.37,-14.53,-25.94,-6.35
-0.84,0.29,0.39,-11.29,-23.62,-4.94
-0.85,0.30,0.39,-8.85,-20.57,-4.27
-0.85,0.31,0.39,-7.63,-19.47,-3.60
-0.86,0.32,0.39,-7.57,-18.55,-3.42
-0.87,0.32,0.37,-8.79,-18.68,-2.93
-0.87,0.32,0.36,-10.62,-20.94,-2.26
-0.86,0.32,0.37,-11.90,-23.38,-1.22
-0.86,0.32,0.39,-12.51,-23.86,-1.04
-0.86,0.32,0.39,-12.57,-24.78,-0.79
-0.86,0.33,0.41,-12.45,-24.96,-0.85
-0.85,0.33,0.42,-11.23,-23.38,-1.10
-0.85,0.33,0.41,-10.13,-23.50,-0.37
-0.85,0.33,0.42,-10.38,-23.07,-1.16
-0.85,0.33,0.44,-10.74,-23.74,-1.04
-0.85,0.33,0.45,-12.02,-21.85,-1.71
-0.84,0.33,0.45,-13.92,-20.87,-2.01
-0.84,0.32,0.44,-15.08,-20.32,-1.46
-0.84,0.33,0.42,-14.04,-20.81,-1.28
-0.84,0.33,0.40,-11.78,-22.64,-2.08
-0.84,0.33,0.42,-10.19,-23.68,-2.50
-0.84,0.33,0.45,-9.28,-23.86,-3.11
-0.83,0.32,0.46,-8.85,-23.32,-3.60
-0.83,0.31,0.46,-9.03,-24.41,-2.99
-0.83,0.32,0.47,-10.80,-24.48,-3.72
-0.83,0.31,0.45,-12.82,-24.35,-5.62
-0.82,0.29,0.43,-15.14,-28.08,-5.31
-0.81,0.29,0.45,-17.09,-29.85,-5.19
-0.81,0.29,0.46,-17.70,-29.85,-5.31
-0.81,0.28,0.46,-17.15,-30.27,-5.13
-0.80,0.29,0.46,-16.60,-30.94,-5.00
-0.79,0.28,0.48,-16.05,-31.74,-5.74
-0.78,0.26,0.49,-15.75,-31.86,-5.43
-0.78,0.25,0.51,-15.81,-32.59,-3.85
-0.78,0.26,0.52,-16.24,-30.88,-3.54
-0.78,0.25,0.52,-15.81,-30.33,-2.87
-0.78,0.25,0.54,-15.75,-30.09,-1.77
-0.78,0.26,0.54,-15.75,-30.15,-1.40
-0.79,0.27,0.55,-15.75,-29.91,-1.95
-0.79,0.27,0.57,-16.05,-29.66,-2.75
-0.79,0.27,0.59,-16.60,-28.44,-3.17
-0.79,0.26,0.61,-16.97,-26.55,-3.91
-0.78,0.26,0.61,-15.75,-24.17,-4.58
-0.78,0.25,0.61,-14.10,-22.58,-4.76
-0.78,0.25,0.62,-13.98,-21.55,-5.49
-0.78,0.24,0.62,-15.08,-20.20,-5.31
-0.78,0.24,0.61,-16.66,-19.29,-5.13
-0.77,0.24,0.60,-18.68,-19.59,-4.88
-0.77,0.24,0.60,-20.26,-20.63,-4.82
-0.77,0.25,0.62,-20.32,-19.78,-5.62
-0.77,0.25,0.62,-21.00,-17.94,-7.02
-0.75,0.24,0.62,-21.24,-16.42,-8.54
-0.74,0.21,0.60,-21.06,-14.28,-9.09
-0.74,0.19,0.59,-19.59,-14.83,-7.69
-0.73,0.19,0.60,-18.13,-15.20,-5.86
-0.73,0.20,0.62,-17.76,-14.53,-4.70
-0.73,0.21,0.63,-17.94,-12.88,-4.39
-0.73,0.21,0.62,-18.37,-11.23,-4.21
-0.73,0.22,0.61,-18.31,-11.23,-4.21
-0.73,0.22,0.63,-17.27,-10.38,-4.64
-0.74,0.23,0.64,-16.17,-8.61,-5.07
-0.74,0.24,0.64,-14.95,-5.86,-6.65
-0.75,0.24,0.62,-15.14,-4.33,-8.24
-0.75,0.22,0.60,-16.72,-4.94,-9.16
-0.74,0.21,0.59,-17.46,-6.23,-9.28
-0.75,0.21,0.60,-17.82,-7.26,-9.28
-0.75,0.21,0.61,-18.68,-6.90,-9.64
-0.75,0.22,0.60,-20.20,-8.12,-10.07
-0.75,0.22,0.60,-20.94,-9.83,-11.60
-0.75,0.20,0.61,-20.63,-10.93,-12.63
-0.74,0.19,0.63,-18.86,-10.38,-13.73
-0.74,0.17,0.62,-16.78,-9.16,-14.83
-0.74,0.16,0.61,-15.26,-10.86,-14.22
-0.74,0.17,0.63,-14.10,-12.21,-13.73
-0.74,0.16,0.65,-13.12,-11.23,-15.01
-0.73,0.14,0.65,-12.45,-9.58,-14.47
-0.73,0.13,0.64,-12.27,-10.25,-12.21
-0.73,0.13,0.64,-12.08,-11.72,-11.47
-0.73,0.12,0.64,-12.21,-12.27,-11.11
-0.73,0.12,0.64,-12.45,-12.82,-9.95
-0.73,0.13,0.63,-12.63,-14.28,-9.34
-0.72,0.15,0.64,-13.55,-15.87,-10.62
-0.72,0.14,0.66,-13.92,-16.05,-11.96
-0.72,0.13,0.67,-12.94,-15.63,-12.70
-0.71,0.12,0.68,-11.41,-14.16,-12.88
-0.71,0.11,0.69,-10.50,-12.70,-13.00
-0.71,0.10,0.68,-10.50,-12.82,-11.72
-0.72,0.11,0.68,-9.77,-13.12,-10.80
-0.72,0.12,0.70,-8.54,-12.57,-11.35
-0.72,0.11,0.69,-9.34,-11.96,-11.90
-0.72,0.12,0.67,-11.54,-13.98,-11.60
-0.72,0.13,0.68,-14.22,-16.24,-12.51
-0.72,0.12,0.69,-15.75,-18.07,-13.31
-0.71,0.10,0.71,-15.81,-18.68,-13.55
-0.71,0.09,0.73,-15.50,-17.52,-13.67
-0.71,0.09,0.73,-16.30,-17.46,-13.55
-0.71,0.09,0.72,-18.55,-17.88,-14.10
-0.71,0.09,0.70,-20.08,-19.96,-14.28
-0.71,0.09,0.71,-20.51,-22.95,-13.98
-0.71,0.11,0.75,-20.32,-22.71,-15.99
-0.70,0.10,0.77,-19.59,-19.78,-18.62
-0.69,0.06,0.76,-19.10,-16.48,-19.41
-0.68,0.03,0.73,-19.96,-16.54,-18.25
-0.68,0.02,0.72,-21.18,-17.64,-16.66
-0.68,0.02,0.74,-22.52,-18.86,-14.95
-0.68,0.03,0.78,-22.64,-18.01,-13.98
-0.67,0.04,0.80,-20.32,-14.16,-14.65
-0.67,0.03,0.79,-16.54,-10.19,-15.01
-0.67,0.02,0.77,-13.55,-7.26,-14.59
-0.67,0.03,0.75,-12.51,-5.62,-14.28
-0.67,0.03,0.75,-12.94,-4.52,-14.40
-0.66,0.02,0.75,-13.18,-3.78,-14.77
-0.66,0.01,0.77,-12.02,-2.81,-15.08
-0.65,-0.00,0.80,-8.36,0.12,-16.05
-0.64,-0.03,0.82,-2.69,5.43,-15.63
-0.64,-0.06,0.81,3.54,11.90,-13.31
-0.66,-0.04,0.76,5.86,14.89,-10.25
-0.68,0.01,0.73,4.58,14.28,-9.28
-0.69,0.04,0.74,2.44,13.92,-10.50
-0.69,0.04,0.76,1.65,15.87,-12.70
-0.68,0.02,0.76,3.66,19.53,-14.28
-0.68,-0.02,0.74,5.92,21.36,-13.06
-0.68,-0.02,0.73,7.63,20.87,-10.07
-0.68,0.01,0.74,9.70,21.06,-8.42
-0.68,0.01,0.75,13.06,22.16,-9.34
-0.68,-0.02,0.74,17.15,23.44,-8.48
-0.69,-0.04,0.72,19.96,24.23,-6.65
-0.70,-0.02,0.67,17.52,22.95,-6.53
-0.71,0.02,0.62,12.33,17.46,-8.30
-0.72,0.03,0.61,7.93,10.62,-11.23
-0.70,0.01,0.65,3.85,5.86,-11.90
-0.68,-0.02,0.68,3.42,6.65,-10.99
-0.68,-0.02,0.68,5.80,6.77,-7.81
-0.68,0.00,0.68,9.09,8.30,-8.91
-0.68,-0.02,0.68,10.56,8.85,-7.93
-0.67,-0.02,0.69,12.02,9.52,-4.82
-0.67,0.00,0.66,13.00,10.31,-4.27
-0.69,0.03,0.62,11.23,6.65,-3.23
-0.71,0.05,0.61,8.61,1.83,-3.36
-0.72,0.06,0.62,6.96,-0.79,-4.82
-0.73,0.05,0.62,7.02,-2.44,-5.68
-0.73,0.04,0.63,7.26,-4.27,-6.23
-0.73,0.04,0.64,6.71,-5.37,-6.84
-0.72,0.02,0.65,6.96,-6.29,-7.26
-0.71,0.00,0.65,7.93,-7.08,-6.90
-0.71,0.02,0.64,7.63,-9.52,-5.49
-0.72,0.06,0.65,4.82,-13.49,-6.77
-0.72,0.06,0.66,1.16,-17.03,-9.28
-0.71,0.03,0.68,-1.46,-20.14,-9.52
-0.71,0.02,0.70,-2.69,-21.97,-9.09
-0.71,0.01,0.71,-4.52,-24.11,-8.61
-0.71,0.01,0.74,-6.04,-25.70,-8.24
-0.71,0.01,0.76,-6.71,-25.21,-7.51
-0.70,0.01,0.77,-6.59,-24.41,-8.06
-0.70,-0.00,0.79,-5.49,-22.03,-8.42
-0.69,-0.01,0.77,-5.31,-20.39,-7.81
-0.68,-0.02,0.75,-5.43,-20.94,-7.39
-0.67,-0.02,0.77,-4.82,-21.00,-6.84
-0.67,-0.03,0.81,-3.78,-18.37,-6.41
-0.67,-0.03,0.79,-3.78,-15.32,-5.25
-0.67,-0.00,0.75,-6.10,-15.93,-4.46
-0.68,0.04,0.74,-9.34,-18.98,-5.80
-0.67,0.06,0.77,-11.72,-19.90,-8.30
-0.65,0.04,0.78,-11.66,-17.64,-11.35
-0.63,-0.00,0.79,-9.28,-15.38,-12.45
-0.62,-0.03,0.80,-6.23,-11.54,-12.51
-0.61,-0.04,0.82,-2.56,-6.77,-12.27
-0.59,-0.06,0.83,2.56,-0.73,-12.02
-0.59,-0.07,0.82,8.30,5.80,-10.99
-0.59,-0.07,0.80,13.85,10.99,-9.40
-0.60,-0.05,0.79,18.74,15.44,-8.24
-0.61,-0.03,0.78,22.64,19.41,-8.67
-0.62,-0.04,0.74,24.48,22.28,-8.85
-0.62,-0.04,0.70,23.74,21.48,-8.24
-0.64,-0.04,0.69,22.95,19.59,-7.63
-0.64,-0.03,0.71,22.71,18.92,-7.32
-0.65,-0.03,0.73,23.99,19.96,-7.93
-0.64,-0.04,0.75,27.77,23.19,-8.24
-0.65,-0.05,0.79,32.90,27.40,-7.32
-0.65,-0.04,0.82,38.02,33.20,-6.77
-0.65,-0.03,0.85,44.56,40.95,-7.14
-0.66,-0.03,0.85,51.27,48.34,-6.65
-0.66,-0.04,0.85,56.76,55.18,-5.86
-0.67,-0.03,0.84,60.79,62.26,-4.52
-0.69,-0.04,0.81,62.99,67.50,-2.81
-0.70,-0.03,0.77,63.29,70.01,2.62
-0.72,0.00,0.73,62.87,70.68,3.54
-0.74,0.01,0.68,60.55,68.60,3.54
-0.77,0.02,0.63,55.36,63.84,5.43
-0.79,0.06,0.59,48.16,57.07,5.80
-0.81,0.09,0.56,40.89,49.38,5.31
-0.82,0.12,0.55,34.91,41.99,4.76
-0.83,0.13,0.57,30.70,35.83,3.30
-0.84,0.12,0.58,27.65,32.29,1.77
-0.83,0.11,0.60,25.39,30.58,0.92
-0.82,0.11,0.61,24.41,30.58,0.43
-0.82,0.10,0.61,23.80,31.19,-0.31
-0.82,0.10,0.58,22.16,30.52,-0.24
-0.82,0.11,0.56,20.87,28.75,-0.55
-0.82,0.11,0.56,19.96,27.47,-0.79
-0.82,0.11,0.56,19.23,27.04,-1.10
-0.81,0.11,0.55,18.80,26.79,-1.53
-0.80,0.09,0.55,18.62,26.55,-1.22
-0.80,0.07,0.54,18.68,26.31,-0.37
-0.80,0.08,0.54,19.17,26.55,0.98
-0.81,0.12,0.53,18.49,25.76,1.65
-0.82,0.15,0.52,17.40,24.72,0.06
-0.82,0.14,0.52,16.78,22.89,-1.10
-0.82,0.14,0.52,17.03,22.64,-2.08
-0.82,0.13,0.53,18.19,23.25,-2.81
-0.82,0.13,0.54,19.41,25.21,-3.05
-0.82,0.13,0.54,21.12,26.86,-3.54
-0.82,0.12,0.54,23.44,28.50,-3.72
-0.83,0.11,0.53,25.09,30.76,-2.44
-0.84,0.12,0.50,24.29,30.76,-0.49
-0.85,0.15,0.48,22.16,27.47,-0.24
-0.86,0.17,0.49,21.06,25.88,-1.83
-0.86,0.16,0.49,21.00,25.51,-3.05
-0.86,0.15,0.50,21.55,25.76,-2.99
-0.87,0.16,0.50,22.22,25.88,-2.99
-0.87,0.17,0.51,23.13,26.49,-4.46
-0.87,0.16,0.52,24.96,28.56,-5.62
-0.87,0.14,0.52,27.28,31.07,-4.76
-0.87,0.14,0.52,29.11,33.14,-3.30
-0.88,0.16,0.52,30.03,35.28,-3.23
-0.89,0.17,0.50,30.09,37.17,-3.91
-0.90,0.17,0.48,29.36,37.29,-4.09
-0.91,0.19,0.47,29.30,36.93,-4.94
-0.92,0.19,0.47,29.24,38.21,-7.02
-0.91,0.18,0.45,27.95,39.67,-8.48
-0.91,0.15,0.42,26.55,38.02,-7.69
-0.91,0.16,0.41,24.11,35.40,-6.96
-0.92,0.17,0.41,21.48,33.39,-7.69
-0.92,0.17,0.42,20.02,33.20,-8.79
-0.91,0.16,0.41,18.80,34.18,-8.97
-0.91,0.15,0.39,17.64,32.90,-8.61
-0.91,0.15,0.39,17.09,31.19,-7.51
-0.92,0.16,0.40,17.21,31.37,-7.69
-0.91,0.15,0.39,17.76,33.26,-8.24
-0.91,0.15,0.37,17.33,33.63,-7.45
-0.92,0.16,0.38,16.85,33.26,-7.69
-0.92,0.15,0.38,17.09,34.97,-8.48
-0.91,0.14,0.35,17.27,35.28,-7.93
-0.91,0.13,0.34,17.33,34.73,-6.65
-0.92,0.14,0.35,17.70,34.85,-5.98
-0.93,0.15,0.36,19.17,36.44,-6.29
-0.94,0.14,0.35,20.87,38.64,-5.86
-0.94,0.15,0.34,22.28,40.10,-4.27
-0.93,0.17,0.34,22.83,42.85,-5.68
-0.93,0.17,0.33,23.44,44.86,-7.51
-0.93,0.15,0.31,25.02,46.81,-7.81
-0.92,0.15,0.29,25.33,47.91,-6.90
-0.93,0.15,0.27,25.33,46.45,-6.35
-0.93,0.16,0.27,25.45,46.33,-6.53
-0.93,0.15,0.25,25.57,47.06,-5.92
-0.93,0.15,0.23,25.63,46.08,-4.33
-0.93,0.16,0.22,25.45,44.74,-3.48
-0.94,0.17,0.23,24.78,44.31,-3.42
-0.93,0.17,0.22,24.05,46.33,-3.78
-0.93,0.16,0.18,22.03,45.78,-4.64
-0.93,0.15,0.16,20.75,42.11,-4.09
-0.93,0.16,0.16,19.96,41.32,-3.05
-0.93,0.18,0.14,18.62,39.31,-2.56
-0.94,0.20,0.13,17.09,36.38,-2.93
-0.94,0.20,0.11,15.32,34.00,-3.97
-0.94,0.19,0.11,13.37,31.37,-4.21
-0.93,0.17,0.12,11.66,29.97,-4.15
-0.93,0.16,0.11,11.05,29.85,-3.60
-0.93,0.15,0.09,11.29,28.75,-3.23
-0.94,0.15,0.08,11.05,27.40,-2.69
-0.94,0.17,0.06,10.25,25.51,-2.75
-0.94,0.17,0.05,9.40,22.52,-4.46
-0.93,0.13,0.06,7.93,20.14,-4.03
-0.93,0.12,0.06,6.16,18.86,-1.83
-0.93,0.12,0.05,5.25,17.40,-1.34
-0.94,0.12,0.04,4.88,15.32,-1.22
-0.95,0.13,0.04,3.72,14.10,-0.92
-0.95,0.14,0.05,2.62,13.12,-1.04
-0.96,0.13,0.04,1.95,12.15,-1.28
-0.96,0.13,0.04,1.40,10.74,-0.24
-0.96,0.12,0.05,1.34,9.52,1.10
-0.96,0.12,0.06,1.65,8.61,2.75
-0.97,0.13,0.07,1.95,8.24,4.46
-0.97,0.16,0.07,2.38,8.12,5.43
-0.98,0.19,0.08,2.99,7.87,5.25
-0.98,0.20,0.09,3.54,7.32,5.37
-0.98,0.21,0.10,3.97,7.63,5.31
-0.98,0.21,0.10,4.27,8.48,4.64
-0.97,0.20,0.10,4.46,8.79,4.70
-0.97,0.20,0.10,4.46,8.97,4.94
-0.97,0.20,0.09,4.15,9.52,4.88
-0.97,0.19,0.08,4.70,9.83,4.70
-0.96,0.18,0.07,5.55,9.46,5.80
-0.97,0.18,0.07,5.80,9.34,6.77
-0.97,0.20,0.07,5.68,9.58,6.96
-0.98,0.21,0.06,5.49,9.70,6.77
-0.98,0.21,0.06,5.25,10.01,5.86
-0.98,0.21,0.05,5.55,10.68,4.88
-0.98,0.20,0.04,5.74,10.86,4.76
-0.98,0.21,0.04,5.74,10.50,4.76
-0.98,0.21,0.04,5.31,10.38,4.33
-0.98,0.21,0.03,4.64,9.89,3.91
-0.97,0.20,0.03,4.52,9.52,3.78
-0.97,0.18,0.03,4.64,9.52,4.33
-0.96,0.17,0.02,5.31,9.52,5.19
-0.96,0.17,0.01,5.86,8.85,6.41
-0.97,0.18,0.02,5.62,8.00,8.00
-0.97,0.20,0.02,5.13,6.96,8.30
-0.97,0.21,0.02,5.07,6.23,8.73
-0.98,0.23,0.01,4.27,5.00,8.61
-0.98,0.24,0.02,3.60,3.60,6.77
-0.98,0.23,0.03,3.91,4.03,4.94
-0.97,0.21,0.02,3.72,4.27,4.64
-0.96,0.20,0.01,2.56,2.44,5.37
-0.96,0.21,0.03,1.22,1.10,6.04
-0.97,0.21,0.03,0.18,0.98,6.16
-0.97,0.22,0.03,-0.79,1.04,5.55
-0.97,0.22,0.02,-2.62,0.24,4.76
-0.96,0.21,0.00,-5.00,-2.20,4.27
-0.96,0.19,-0.00,-7.08,-5.25,5.43
-0.96,0.19,0.02,-8.00,-8.06,6.65
-0.96,0.20,0.04,-9.28,-7.14,5.25
-0.96,0.20,0.03,-11.35,-6.10,5.43
-0.96,0.22,0.02,-13.49,-7.26,5.98
-0.97,0.23,0.02,-14.34,-9.77,5.98
-0.97,0.25,0.05,-15.01,-11.29,5.13
-0.96,0.25,0.07,-14.71,-10.44,4.03
-0.96,0.26,0.09,-13.55,-8.97,2.62
-0.96,0.25,0.10,-12.63,-7.51,1.28
-0.95,0.24,0.09,-12.82,-6.29,0.31
-0.93,0.21,0.07,-13.06,-6.53,-0.06
-0.93,0.18,0.08,-12.94,-8.12,1.40
-0.93,0.18,0.08,-13.49,-7.08,4.27
-0.94,0.20,0.07,-15.44,-8.00,5.49
-0.95,0.22,0.08,-16.36,-7.75,5.25
-0.95,0.23,0.07,-16.42,-7.51,4.82
-0.95,0.23,0.08,-15.99,-7.69,4.64
-0.95,0.23,0.09,-14.95,-6.71,4.27
-0.95,0.22,0.10,-13.31,-4.64,4.21
-0.95,0.22,0.10,-11.47,-2.26,4.46
-0.95,0.22,0.09,-10.01,-0.18,4.46
-0.95,0.21,0.09,-8.91,0.85,5.13
-0.96,0.22,0.08,-7.93,1.83,5.74
-0.96,0.24,0.07,-7.51,2.08,5.43
-0.97,0.25,0.05,-9.22,1.10,5.13
-0.98,0.26,0.03,-12.21,-1.22,4.27
-0.98,0.25,0.03,-14.47,-4.39,3.66
-0.98,0.25,0.04,-16.17,-6.35,3.54
-0.98,0.25,0.04,-17.27,-8.12,3.11
-0.97,0.26,0.03,-17.64,-11.84,2.75
-0.97,0.27,0.07,-16.85,-14.40,2.01
-0.97,0.27,0.11,-15.75,-12.82,0.55
-0.97,0.26,0.11,-14.83,-11.29,-0.73
-0.97,0.25,0.09,-15.81,-10.01,-1.16
-0.97,0.25,0.05,-19.90,-13.06,-1.40
-0.98,0.26,0.05,-24.84,-17.70,-1.83
-0.97,0.25,0.06,-29.30,-21.42,-2.44
-0.97,0.24,0.06,-33.39,-24.48,-2.01
-0.96,0.24,0.06,-35.89,-27.89,-1.77
-0.96,0.24,0.09,-36.07,-30.52,-2.20
-0.96,0.25,0.13,-35.10,-30.52,-2.99
-0.95,0.24,0.16,-32.65,-28.44,-4.39
-0.94,0.22,0.18,-29.48,-25.39,-4.88
-0.94,0.21,0.19,-27.04,-23.07,-4.64
-0.94,0.21,0.19,-25.63,-20.14,-4.58
-0.94,0.20,0.16,-26.37,-18.80,-4.27
-0.94,0.20,0.14,-28.75,-21.61,-2.99
-0.94,0.20,0.15,-31.25,-24.35,-1.89
-0.94,0.20,0.17,-32.53,-25.63,-0.98
-0.94,0.21,0.20,-31.92,-25.15,-0.12
-0.94,0.22,0.22,-29.30,-22.77,-0.37
-0.94,0.22,0.24,-25.82,-19.10,-0.79
-0.94,0.22,0.24,-22.34,-16.11,-0.98
-0.94,0.22,0.24,-19.41,-13.55,-1.53
-0.93,0.21,0.23,-17.76,-12.02,-1.77
-0.94,0.21,0.23,-15.81,-11.35,-1.28
-0.94,0.21,0.24,-15.01,-9.46,-0.85
-0.95,0.22,0.22,-16.48,-8.67,-0.79
-0.95,0.23,0.20,-18.25,-10.31,-1.59
-0.95,0.24,0.21,-18.86,-12.02,-3.05
-0.94,0.23,0.23,-18.74,-11.84,-4.39
-0.94,0.21,0.25,-16.05,-9.46,-5.07
-0.93,0.20,0.25,-13.61,-7.14,-4.27
-0.93,0.20,0.26,-11.05,-4.94,-3.91
-0.94,0.21,0.25,-9.83,-2.99,-3.17
-0.95,0.23,0.25,-9.83,-2.14,-3.42
-0.95,0.23,0.25,-10.38,-1.28,-4.88
-0.95,0.23,0.24,-11.54,-1.16,-5.80
-0.95,0.22,0.22,-13.73,-2.38,-6.47
-0.95,0.21,0.21,-16.48,-4.09,-7.39
-0.95,0.20,0.20,-18.43,-6.16,-7.81
-0.94,0.19,0.21,-19.71,-8.91,-7.63
-0.94,0.18,0.23,-21.30,-10.31,-7.45
-0.93,0.18,0.25,-22.52,-10.86,-7.02
-0.94,0.17,0.25,-22.52,-11.17,-6.84
-0.94,0.17,0.26,-22.28,-11.96,-6.47
-0.94,0.18,0.26,-23.13,-12.57,-6.90
-0.95,0.18,0.26,-25.94,-13.98,-6.96
-0.95,0.19,0.26,-30.03,-15.93,-7.45
-0.95,0.19,0.25,-34.06,-18.07,-8.00
-0.95,0.18,0.25,-36.99,-20.57,-8.61
-0.95,0.18,0.26,-38.64,-22.03,-8.79
-0.94,0.18,0.28,-38.21,-21.24,-9.64
-0.94,0.17,0.29,-35.64,-19.59,-10.62
-0.94,0.18,0.30,-33.14,-17.82,-11.96
-0.95,0.19,0.30,-32.23,-15.38,-13.79
-0.95,0.19,0.28,-32.84,-14.89,-16.42
-0.95,0.18,0.27,-35.10,-16.42,-18.55
-0.95,0.16,0.27,-38.09,-18.37,-19.84
-0.95,0.16,0.28,-40.71,-20.14,-19.84
-0.95,0.17,0.29,-43.03,-20.39,-20.94
-0.94,0.16,0.29,-43.58,-20.26,-22.83
-0.94,0.13,0.30,-43.46,-20.02,-23.19
-0.93,0.12,0.31,-44.13,-20.26,-22.77
-0.92,0.11,0.33,-43.76,-19.53,-22.89
-0.92,0.09,0.32,-41.63,-18.13,-22.03
-0.91,0.08,0.29,-40.04,-19.41,-20.26
-0.91,0.09,0.28,-39.06,-25.82,-19.17
-0.92,0.10,0.32,-38.27,-28.69,-19.47
-0.92,0.10,0.35,-37.60,-28.02,-20.39
-0.91,0.08,0.37,-37.11,-26.86,-20.75
-0.91,0.06,0.38,-34.55,-25.21,-19.96
-0.91,0.06,0.39,-31.25,-22.40,-19.53
-0.91,0.06,0.39,-28.56,-20.87,-19.53
-0.92,0.06,0.39,-26.25,-18.86,-20.20
-0.91,0.05,0.39,-24.11,-17.40,-20.57
-0.90,0.02,0.39,-22.89,-17.03,-19.47
-0.90,0.02,0.39,-23.19,-17.64,-16.78
-0.91,0.04,0.39,-24.60,-17.82,-16.48
-0.91,0.04,0.40,-25.15,-18.43,-17.21
-0.91,0.04,0.41,-24.35,-18.43,-17.70
-0.91,0.03,0.43,-23.68,-17.76,-18.43
-0.90,0.02,0.46,-21.67,-14.34,-19.96
-0.89,0.00,0.46,-18.43,-10.44,-19.96
-0.89,-0.01,0.45,-15.14,-7.57,-19.84
-0.89,-0.02,0.44,-12.63,-6.10,-18.25
-0.89,-0.01,0.45,-10.13,-4.27,-18.01
-0.89,-0.02,0.45,-8.36,-1.77,-17.27
-0.89,-0.03,0.45,-6.96,-0.43,-16.36
-0.88,-0.03,0.44,-6.04,1.59,-16.17
-0.88,-0.03,0.42,-5.74,2.26,-16.78
-0.88,-0.06,0.39,-5.98,1.59,-16.48
-0.88,-0.06,0.36,-5.92,-2.38,-12.57
-0.88,-0.04,0.39,-5.25,-4.27,-13.06
-0.88,-0.06,0.41,-4.94,-3.97,-14.47
-0.88,-0.07,0.42,-3.05,-4.03,-12.27
-0.88,-0.06,0.44,-1.10,-4.15,-9.58
-0.88,-0.03,0.47,1.71,-0.73,-10.44
-0.88,-0.03,0.46,5.00,2.87,-11.41
-0.88,-0.04,0.45,7.75,6.53,-12.94
-0.89,-0.06,0.42,9.16,7.51,-11.90
-0.90,-0.04,0.40,7.87,5.80,-11.23
-0.91,-0.04,0.39,6.29,4.03,-12.08
-0.91,-0.05,0.38,5.55,2.01,-12.51
-0.90,-0.07,0.40,5.55,0.18,-11.35
-0.90,-0.07,0.43,5.80,0.79,-10.13
-0.90,-0.07,0.43,7.81,1.89,-9.22
-0.91,-0.05,0.44,10.07,3.54,-9.09
-0.91,-0.04,0.44,11.47,5.13,-9.64
-0.91,-0.05,0.43,12.27,6.29,-10.38
-0.91,-0.07,0.42,13.12,6.71,-10.80
-0.90,-0.09,0.42,13.79,7.14,-9.77
-0.91,-0.09,0.41,13.85,6.96,-8.48
-0.91,-0.07,0.41,12.94,6.04,-7.87
-0.91,-0.06,0.42,12.02,5.74,-8.42
-0.91,-0.08,0.42,11.96,6.35,-8.54
-0.90,-0.09,0.42,13.31,6.96,-8.18
-0.89,-0.10,0.41,16.36,9.03,-7.51
-0.89,-0.12,0.39,19.90,10.19,-6.29
-0.89,-0.12,0.38,22.28,10.13,-4.82
-0.89,-0.12,0.39,22.52,10.31,-3.23
-0.89,-0.12,0.38,21.30,10.44,-1.83
-0.90,-0.10,0.34,19.47,8.54,-0.73
-0.91,-0.07,0.32,17.52,5.00,-0.92
-0.91,-0.06,0.32,16.72,0.98,-1.46
-0.91,-0.06,0.34,15.93,-1.89,-2.32
-0.90,-0.06,0.37,15.93,-2.56,-2.99
-0.90,-0.06,0.39,17.70,-2.69,-2.62
-0.90,-0.05,0.41,19.17,-1.71,-3.11
-0.90,-0.06,0.43,20.87,0.49,-3.97
-0.90,-0.07,0.44,22.03,3.42,-4.33
-0.89,-0.07,0.44,22.95,5.98,-5.13
-0.90,-0.09,0.44,23.07,6.23,-6.16
-0.90,-0.09,0.43,21.48,9.28,-2.32
-0.90,-0.07,0.42,21.91,7.75,-4.15
-0.91,-0.07,0.41,20.32,8.79,-2.99
-0.91,-0.06,0.38,17.09,6.04,-1.89
-0.91,-0.05,0.37,14.04,2.87,-1.28
-0.91,-0.04,0.38,13.06,0.43,-2.08
-0.91,-0.05,0.40,14.89,-0.18,-2.87
-0.91,-0.06,0.44,16.30,0.79,-2.26
-0.91,-0.05,0.46,17.82,4.88,-1.10
-0.91,-0.04,0.47,19.41,7.81,-1.65
-0.91,-0.04,0.47,21.12,11.47,-2.26
-0.91,-0.05,0.47,21.91,15.26,-1.77
-0.90,-0.05,0.48,24.23,19.47,-1.16
-0.89,-0.05,0.48,26.86,24.66,-0.79
-0.90,-0.04,0.46,28.99,28.81,-0.49
-0.90,-0.04,0.45,30.58,32.90,0.00
-0.89,-0.04,0.42,32.23,36.01,-0.31
-0.89,-0.06,0.40,34.12,36.25,-0.06
-0.89,-0.06,0.39,35.40,37.41,1.04
-0.89,-0.05,0.37,34.85,37.48,2.08
-0.90,-0.05,0.34,34.12,35.28,2.62
-0.91,-0.04,0.33,33.33,33.57,3.97
-0.92,-0.02,0.33,33.26,32.65,3.85
-0.93,-0.01,0.33,32.84,31.98,3.36
-0.94,-0.01,0.32,31.49,31.86,3.05
-0.94,-0.00,0.32,30.58,31.37,2.62
-0.94,-0.00,0.31,30.40,31.74,1.77
-0.94,-0.01,0.30,29.97,31.92,1.53
-0.94,-0.01,0.29,28.93,31.13,2.01
-0.94,-0.01,0.28,27.04,30.15,2.44
-0.95,-0.00,0.27,25.21,28.69,2.56
-0.95,-0.01,0.26,23.99,27.28,2.87
-0.95,-0.01,0.26,22.58,25.70,3.85
-0.95,-0.00,0.25,21.24,23.56,4.39
-0.96,0.01,0.25,20.81,21.85,4.46
-0.97,0.02,0.26,20.57,21.06,3.60
-0.97,0.02,0.26,20.81,20.87,2.50
-0.96,0.01,0.26,21.61,20.57,2.99
-0.96,0.02,0.28,22.16,21.85,4.03
-0.96,0.02,0.28,22.58,23.86,3.48
-0.96,0.02,0.26,23.13,24.78,3.36
-0.96,0.02,0.25,22.89,24.72,3.11
-0.97,0.03,0.25,21.73,24.90,2.26
-0.96,0.02,0.24,21.00,24.72,1.65
-0.96,0.01,0.24,20.69,24.23,2.26
-0.96,0.02,0.24,20.02,24.05,2.93
-0.97,0.03,0.23,19.10,23.93,2.20
-0.97,0.03,0.22,18.74,23.86,1.46
-0.97,0.02,0.22,18.31,23.07,1.83
-0.97,0.02,0.22,17.88,22.58,2.08
-0.97,0.01,0.21,17.76,22.03,2.38
-0.97,0.01,0.21,18.19,21.55,2.99
-0.97,0.02,0.20,18.13,21.91,3.54
-0.97,0.02,0.20,17.52,21.85,3.42
-0.97,0.02,0.20,16.85,21.97,3.54
-0.97,0.03,0.20,16.72,22.03,3.78
-0.97,0.04,0.19,16.42,22.03,3.72
-0.97,0.04,0.19,15.38,21.79,3.11
-0.97,0.03,0.18,14.83,21.48,2.56
-0.97,0.02,0.17,14.22,21.30,2.75
-0.97,0.01,0.17,13.73,20.81,3.66
-0.97,0.02,0.17,13.18,20.57,4.58
-0.97,0.03,0.17,13.00,20.63,4.94
-0.97,0.04,0.16,13.06,20.63,5.13
-0.97,0.04,0.16,12.94,21.18,5.00
-0.96,0.02,0.16,12.70,21.36,5.55
-0.97,0.02,0.16,12.82,21.67,6.96
-0.97,0.03,0.15,12.82,22.34,8.00
-0.98,0.05,0.14,13.06,22.22,8.73
-0.98,0.06,0.14,12.88,21.91,8.61
-0.99,0.07,0.13,12.39,21.61,7.93
-0.99,0.08,0.13,12.02,20.57,7.69
-0.99,0.09,0.12,11.54,19.65,7.20
-0.99,0.09,0.12,10.93,18.92,6.84
-0.99,0.10,0.12,10.38,18.62,6.04
-1.00,0.10,0.12,9.52,18.37,5.07
-0.99,0.09,0.12,8.61,18.19,4.52
-0.99,0.08,0.11,7.93,18.19,4.21
-0.98,0.06,0.10,8.00,18.13,4.94
-0.98,0.06,0.08,7.45,17.03,6.16
-0.98,0.05,0.08,5.86,15.08,7.20
-0.98,0.06,0.08,4.09,13.24,8.00
-0.98,0.07,0.08,2.56,12.70,7.51
-0.98,0.07,0.08,1.59,12.02,6.71
-0.98,0.06,0.08,1.16,11.90,6.23
-0.98,0.04,0.08,0.85,11.84,6.84
-0.98,0.04,0.08,0.43,12.02,7.45
-0.98,0.04,0.07,-0.43,12.02,7.81
-0.98,0.05,0.06,-2.20,11.35,8.24
-0.98,0.05,0.06,-4.15,10.25,8.24
-0.98,0.05,0.07,-5.68,9.64,7.87
-0.98,0.04,0.07,-6.65,9.16,7.93
-0.98,0.03,0.07,-7.08,8.67,8.85
-0.98,0.02,0.08,-6.71,9.52,10.13
-0.98,0.03,0.07,-5.62,10.80,11.47
-0.99,0.04,0.06,-4.39,11.23,12.27
-0.99,0.06,0.06,-4.09,11.96,12.02
-0.99,0.07,0.06,-4.03,12.33,11.23
-0.99,0.07,0.05,-4.15,12.21,11.29
-0.99,0.07,0.04,-4.09,12.02,11.96
-1.00,0.09,0.04,-3.78,11.17,12.70
-1.00,0.12,0.04,-4.03,10.86,12.08
-1.01,0.15,0.03,-5.55,10.74,10.07
-1.01,0.14,0.01,-7.20,9.52,8.06
-1.00,0.13,0.00,-8.85,7.57,6.90
-0.98,0.11,-0.00,-10.38,5.92,7.08
-0.97,0.10,0.00,-11.23,4.03,7.63
-0.96,0.10,0.01,-11.47,3.36,7.69
-0.96,0.09,0.02,-10.62,3.11,8.42
-0.96,0.09,0.02,-9.16,3.60,10.19
-0.97,0.12,0.03,-8.18,4.09,11.66
-0.98,0.18,0.02,-8.06,4.76,9.89
-0.99,0.22,0.01,-8.73,3.11,4.76
-0.99,0.20,0.01,-10.31,2.32,-0.18
-0.97,0.17,0.00,-11.47,1.28,-1.40
-0.96,0.15,-0.01,-12.82,-0.85,-1.89
-0.95,0.13,-0.01,-13.43,-2.87,-1.46
-0.94,0.12,-0.00,-13.31,-4.82,-0.12
-0.94,0.11,0.01,-13.37,-5.62,2.14
-0.95,0.12,0.02,-13.18,-6.29,4.58
-0.95,0.13,0.03,-12.57,-6.65,6.41
-0.96,0.15,0.03,-11.90,-6.23,7.69
-0.97,0.18,0.04,-10.56,-5.62,8.36
-0.98,0.22,0.05,-8.97,-4.39,7.45
-1.00,0.24,0.05,-8.42,-2.81,5.31
-1.00,0.23,0.02,-9.03,-2.08,3.78
-1.01,0.23,0.00,-10.01,-3.48,2.62
-1.01,0.22,0.00,-10.25,-4.76,1.04
-1.00,0.21,-0.00,-9.89,-5.49,-0.92
-1.00,0.19,-0.00,-9.70,-7.08,-1.16
-0.99,0.18,0.00,-9.64,-7.63,-1.53
-0.98,0.16,0.01,-9.16,-8.30,-2.26
-0.98,0.14,0.02,-8.48,-9.09,-1.59
-0.97,0.13,0.04,-7.63,-8.42,-0.61
-0.97,0.14,0.05,-6.59,-7.39,0.37
-0.98,0.15,0.06,-5.86,-5.86,0.79
-0.98,0.15,0.05,-5.49,-4.21,0.31
-0.97,0.13,0.04,-5.74,-4.09,0.67
-0.97,0.13,0.04,-6.71,-4.64,2.01
-0.97,0.13,0.04,-8.12,-5.43,3.23
-0.97,0.13,0.05,-9.28,-6.23,4.09
-0.97,0.15,0.06,-9.03,-6.47,4.58
-0.98,0.15,0.06,-8.12,-5.92,4.76
-0.99,0.16,0.07,-6.96,-4.70,4.76
-0.99,0.17,0.06,-6.35,-3.72,4.09
-0.99,0.17,0.06,-5.98,-3.60,2.75
-0.98,0.17,0.05,-6.53,-4.46,1.71
-0.98,0.16,0.06,-7.69,-5.31,0.43
-0.97,0.14,0.07,-8.12,-5.68,0.18
-0.97,0.14,0.07,-7.69,-5.74,0.24
-0.97,0.14,0.07,-7.63,-5.92,-0.43
-0.96,0.13,0.07,-8.12,-6.16,-0.73
-0.96,0.13,0.08,-8.91,-7.02,-0.06
-0.96,0.13,0.10,-9.09,-6.71,0.49
-0.96,0.14,0.11,-8.30,-6.23,0.61
-0.96,0.15,0.12,-6.96,-4.58,0.37
-0.97,0.15,0.11,-6.47,-3.30,0.31
-0.97,0.15,0.10,-6.65,-3.05,0.55
-0.97,0.16,0.10,-7.08,-3.23,0.31
-0.98,0.17,0.10,-7.45,-3.36,0.00
-0.98,0.17,0.10,-7.57,-3.11,-0.61
-0.99,0.17,0.09,-7.26,-3.42,-1.10
-0.99,0.16,0.09,-7.14,-3.78,-1.16
-1.00,0.16,0.09,-8.54,-4.82,-1.34
-1.00,0.17,0.08,-11.35,-7.02,-1.65
-1.01,0.18,0.08,-14.47,-9.89,-2.69
-1.01,0.18,0.10,-16.72,-12.02,-3.91
-1.00,0.17,0.12,-17.58,-12.27,-5.00
-0.99,0.17,0.14,-16.54,-11.11,-5.13
-0.99,0.17,0.15,-14.89,-9.34,-5.00
-1.00,0.18,0.15,-13.85,-7.75,-5.68
-1.00,0.18,0.15,-13.24,-5.98,-6.90
-0.99,0.17,0.13,-13.37,-5.31,-8.06
-0.99,0.16,0.10,-15.63,-7.20,-8.12
-0.98,0.14,0.08,-18.43,-10.68,-8.30
-0.97,0.13,0.09,-20.87,-14.10,-7.39
-0.97,0.12,0.10,-22.95,-16.78,-6.41
-0.96,0.12,0.12,-24.05,-18.49,-5.00
-0.96,0.14,0.14,-23.74,-17.94,-4.70
-0.96,0.14,0.16,-22.16,-16.05,-5.68
-0.95,0.13,0.17,-19.84,-12.88,-5.49
-0.95,0.12,0.17,-17.40,-10.13,-5.55
-0.95,0.11,0.16,-14.89,-8.24,-5.25
-0.95,0.10,0.16,-13.85,-6.16,-4.52
-0.95,0.09,0.14,-13.06,-5.31,-3.11
-0.95,0.09,0.13,-12.15,-4.52,-1.59
-0.95,0.10,0.12,-11.78,-4.33,-0.18
-0.96,0.12,0.11,-12.02,-5.19,0.55
-0.96,0.14,0.12,-12.02,-5.74,0.18
-0.96,0.13,0.13,-11.11,-5.19,0.00
-0.95,0.13,0.14,-9.28,-4.21,0.24
-0.95,0.14,0.15,-6.90,-2.50,0.73
-0.96,0.15,0.15,-4.46,-0.85,0.37
-0.97,0.16,0.15,-2.08,1.04,-0.73
-0.97,0.16,0.14,-0.85,2.20,-1.40
-0.98,0.18,0.13,-2.08,1.22,-2.26
-0.98,0.17,0.12,-4.03,-0.61,-3.54
-0.98,0.15,0.11,-5.19,-1.89,-4.15
-0.98,0.14,0.11,-5.62,-3.78,-4.21
-0.98,0.14,0.11,-6.90,-5.80,-4.33
-0.99,0.15,0.11,-9.77,-8.67,-5.07
-0.99,0.15,0.12,-11.72,-11.60,-6.65
-0.98,0.13,0.14,-12.02,-13.43,-7.32
-0.98,0.12,0.17,-11.72,-13.73,-7.32
-0.98,0.14,0.19,-11.41,-12.70,-8.36
-0.98,0.14,0.20,-10.86,-11.35,-9.95
-0.98,0.13,0.20,-10.19,-10.19,-11.11
-0.98,0.12,0.19,-10.68,-9.70,-12.02
-0.98,0.11,0.17,-11.84,-10.62,-13.06
-0.97,0.09,0.17,-13.24,-12.21,-12.39
-0.97,0.09,0.17,-16.30,-14.47,-12.08
-0.98,0.09,0.15,-18.92,-16.24,-12.02
-0.97,0.09,0.15,-20.75,-20.51,-10.99
-0.97,0.09,0.19,-21.18,-20.94,-10.99
-0.96,0.08,0.21,-19.59,-20.57,-10.07
-0.96,0.08,0.23,-18.62,-19.59,-9.52
-0.96,0.09,0.25,-17.70,-17.64,-9.52
-0.96,0.11,0.24,-17.70,-16.11,-10.01
-0.96,0.11,0.23,-16.97,-15.63,-11.29
-0.96,0.10,0.22,-17.09,-15.14,-11.96
-0.96,0.09,0.20,-18.55,-16.30,-11.72
-0.96,0.09,0.19,-19.90,-18.49,-11.29
-0.95,0.08,0.20,-20.51,-19.53,-10.99
-0.95,0.07,0.21,-19.90,-20.63,-9.64
-0.95,0.07,0.22,-19.53,-20.87,-8.73
-0.95,0.07,0.23,-18.31,-20.32,-8.42
-0.95,0.07,0.24,-16.05,-18.92,-8.42
-0.95,0.08,0.25,-13.79,-16.66,-8.61
-0.95,0.08,0.25,-12.27,-14.77,-9.52
-0.95,0.07,0.24,-10.86,-13.61,-10.31
-0.95,0.05,0.25,-9.28,-12.57,-10.86
-0.95,0.03,0.26,-7.69,-11.11,-10.31
-0.95,0.02,0.26,-5.74,-9.28,-9.46
-0.95,0.02,0.27,-3.48,-8.18,-8.24
-0.95,0.02,0.27,-2.08,-6.96,-7.39
-0.95,0.01,0.27,-0.73,-6.04,-6.90
-0.95,-0.00,0.27,1.22,-6.47,-4.76
-0.95,0.01,0.30,2.56,-4.15,-4.64
-0.95,0.01,0.30,4.21,-1.16,-4.82
-0.94,0.01,0.30,5.37,-0.61,-3.54
-0.95,0.02,0.30,4.88,1.16,-3.78
-0.95,0.02,0.27,3.85,0.43,-3.17
-0.94,0.02,0.27,3.17,-1.04,-2.56
-0.95,0.02,0.28,3.11,-1.71,-2.01
-0.95,0.01,0.29,3.42,-1.28,-0.85
-0.96,0.03,0.30,3.72,-0.61,-0.24
-0.96,0.05,0.29,3.78,0.12,-1.04
-0.95,0.04,0.29,4.15,0.79,-2.14
-0.95,0.03,0.28,4.27,1.46,-1.34
-0.95,0.04,0.27,4.03,1.04,-1.16
-0.95,0.04,0.27,3.30,0.85,-1.28
-0.95,0.03,0.26,2.87,0.31,-0.79
-0.96,0.03,0.26,3.42,0.18,0.18
-0.96,0.04,0.27,4.15,0.24,0.73
-0.97,0.05,0.27,4.27,0.31,1.28
-0.97,0.06,0.27,3.97,-0.12,0.85
-0.97,0.06,0.27,3.60,-0.12,-0.06
-0.96,0.05,0.28,3.72,0.49,-0.43
-0.95,0.04,0.28,5.98,1.34,0.31
-0.95,0.04,0.28,7.14,2.62,0.98
-0.95,0.05,0.26,7.08,2.56,1.65
-0.95,0.06,0.25,5.98,1.95,2.32
-0.96,0.06,0.27,5.62,1.22,2.56
-0.96,0.06,0.28,7.02,2.26,1.53
-0.96,0.05,0.28,8.61,3.72,0.73
-0.95,0.04,0.27,9.64,5.07,0.49
-0.94,0.03,0.26,10.50,5.55,0.98
-0.93,0.02,0.26,11.54,5.49,1.59
-0.93,0.02,0.27,12.57,5.98,2.75
-0.93,0.02,0.27,13.49,6.84,3.72
-0.94,0.03,0.26,14.16,7.08,4.64
-0.95,0.04,0.25,14.04,6.90,4.39
-0.96,0.05,0.24,13.67,6.04,4.39
-0.96,0.05,0.25,13.43,5.25,4.33
-0.96,0.05,0.26,13.61,4.82,4.15
-0.96,0.06,0.26,14.10,5.07,4.03
-0.96,0.05,0.27,15.44,5.80,3.36
-0.95,0.04,0.26,15.32,6.59,3.85
-0.96,0.04,0.26,14.95,6.23,4.64
-0.96,0.05,0.25,14.10,5.25,5.25
-0.96,0.06,0.25,13.61,4.46,5.07
-0.96,0.06,0.26,13.18,4.15,5.00
-0.96,0.05,0.26,11.96,3.60,5.25
-0.96,0.06,0.25,10.68,2.62,5.19
-0.97,0.06,0.24,9.34,1.59,4.88
-0.97,0.06,0.25,8.61,0.55,4.46
-0.97,0.07,0.26,8.06,0.06,4.39
-0.97,0.08,0.27,7.51,0.12,3.60
-0.97,0.08,0.27,7.39,1.10,2.56
-0.96,0.06,0.26,7.69,1.46,1.59
-0.96,0.04,0.23,6.23,0.61,2.69
-0.95,0.05,0.21,4.39,-2.56,3.72
-0.96,0.05,0.24,2.99,-4.70,3.66
-0.96,0.06,0.26,2.01,-4.70,4.15
-0.96,0.06,0.27,2.32,-4.15,3.36
-0.96,0.05,0.28,3.48,-2.26,3.97
-0.95,0.05,0.28,4.94,0.67,4.64
-0.95,0.05,0.25,6.59,2.14,4.39
-0.96,0.05,0.23,6.96,1.53,5.49
-0.96,0.07,0.23,5.80,0.00,6.10
-0.97,0.08,0.25,4.58,-0.18,4.64
-0.96,0.07,0.26,4.76,0.73,3.97
-0.96,0.05,0.26,5.92,2.38,4.52
-0.96,0.03,0.23,7.08,3.23,5.37
-0.96,0.03,0.18,5.43,1.04,7.39
-0.96,0.05,0.16,2.50,-4.58,8.85
-0.96,0.09,0.19,0.06,-9.46,8.91
-0.97,0.10,0.24,-1.65,-10.99,6.96
-0.96,0.08,0.24,-1.34,-9.64,6.04
-0.96,0.07,0.21,-1.77,-9.95,6.65
-0.96,0.08,0.19,-2.32,-12.94,6.84
-0.96,0.08,0.20,-3.17,-16.36,7.02
-0.96,0.09,0.22,-3.85,-17.70,8.06
-0.96,0.10,0.22,-4.70,-18.01,8.12
-0.96,0.11,0.22,-5.07,-20.63,7.26
-0.96,0.11,0.25,-5.43,-21.30,7.14
-0.96,0.11,0.23,-7.93,-22.16,7.20
-0.95,0.09,0.19,-11.66,-28.38,8.36
-0.94,0.10,0.21,-15.26,-35.46,9.03
-0.94,0.10,0.28,-17.09,-38.39,9.70
-0.93,0.11,0.32,-18.01,-37.78,10.25
-0.93,0.12,0.33,-18.13,-37.41,9.58
-0.92,0.12,0.35,-17.40,-35.52,8.24
-0.92,0.12,0.36,-15.99,-34.18,7.87
-0.92,0.12,0.38,-14.04,-31.68,6.96
-0.91,0.10,0.37,-11.60,-29.30,7.20
-0.91,0.11,0.35,-12.39,-30.15,8.00
-0.91,0.11,0.34,-15.44,-30.76,7.87
-0.91,0.13,0.33,-17.58,-34.97,8.61
-0.91,0.15,0.36,-19.10,-36.68,7.20
-0.91,0.15,0.38,-19.10,-37.29,4.82
-0.91,0.13,0.41,-18.55,-35.77,5.37
-0.90,0.14,0.42,-17.64,-33.81,4.39
-0.89,0.13,0.43,-16.24,-31.01,2.87
-0.88,0.12,0.42,-14.53,-29.11,2.50
-0.88,0.11,0.43,-13.31,-28.20,2.62
-0.87,0.11,0.43,-12.88,-26.43,2.44
-0.87,0.10,0.39,-13.37,-27.71,3.42
-0.87,0.11,0.40,-15.08,-31.19,4.21
-0.87,0.11,0.44,-15.87,-30.03,3.05
-0.87,0.11,0.45,-14.04,-28.63,3.36
-0.87,0.12,0.48,-11.66,-25.82,3.11
-0.87,0.12,0.47,-9.22,-22.22,2.26
-0.87,0.12,0.44,-7.93,-21.85,2.20
-0.87,0.13,0.44,-7.87,-22.71,2.08
-0.87,0.13,0.46,-8.42,-22.95,0.49
-0.87,0.12,0.48,-8.36,-21.73,0.12
-0.86,0.12,0.49,-9.28,-20.69,0.43
-0.86,0.12,0.45,-12.63,-20.75,0.73
-0.86,0.11,0.41,-16.05,-26.25,1.04
-0.85,0.10,0.44,-18.80,-30.58,2.08
-0.85,0.10,0.50,-19.90,-31.13,2.44
-0.84,0.10,0.54,-18.31,-27.89,3.05
-0.84,0.12,0.57,-15.08,-22.95,2.26
-0.84,0.12,0.56,-10.99,-16.17,0.67
-0.83,0.11,0.52,-7.57,-13.12,0.79
-0.83,0.12,0.52,-5.13,-11.54,0.31
-0.83,0.13,0.55,-2.75,-8.79,-0.98
-0.83,0.12,0.58,0.79,-2.93,-2.81
-0.82,0.10,0.58,5.19,3.11,-3.17
-0.82,0.09,0.56,8.97,8.30,-2.56
-0.82,0.09,0.55,12.15,12.08,-2.08
-0.82,0.09,0.54,15.14,16.36,-1.59
-0.83,0.10,0.53,18.01,20.02,-1.77
-0.83,0.09,0.52,21.06,24.29,-1.95
-0.84,0.08,0.47,22.34,28.14,-1.59
-0.85,0.08,0.42,21.55,26.12,-0.06
-0.87,0.10,0.43,20.39,23.62,0.92
-0.87,0.11,0.46,20.94,23.80,0.24
-0.86,0.11,0.47,22.71,27.04,-0.73
-0.87,0.11,0.48,26.18,29.54,-1.16
-0.87,0.13,0.49,29.97,34.12,-2.08
-0.87,0.12,0.47,31.92,39.06,-2.93
-0.87,0.09,0.38,30.64,39.18,-0.79
-0.88,0.11,0.34,27.59,30.76,1.71
-0.90,0.14,0.36,24.11,27.34,0.85
-0.90,0.14,0.36,21.73,23.01,0.92
-0.90,0.15,0.38,18.31,19.78,0.24
-0.90,0.16,0.39,16.05,18.31,-0.73
-0.89,0.16,0.39,15.44,18.68,-1.89
-0.89,0.16,0.38,15.14,18.31,-3.36
-0.89,0.15,0.40,18.19,17.70,-2.62
-0.90,0.16,0.44,20.39,19.23,-0.55
-0.90,0.20,0.45,22.83,24.78,-3.42
-0.89,0.18,0.43,25.21,28.32,-8.12
-0.89,0.12,0.41,25.57,31.19,-7.26
-0.87,0.12,0.37,24.90,30.58,-3.91
-0.87,0.15,0.36,24.66,27.89,-5.55
-0.88,0.14,0.37,23.86,27.59,-5.13
-0.88,0.12,0.34,21.85,27.28,-3.54
-0.88,0.12,0.29,18.37,21.00,0.92
-0.90,0.14,0.29,15.81,14.22,2.01
-0.92,0.16,0.30,13.67,9.28,2.56
-0.92,0.17,0.31,11.60,5.00,3.85
-0.92,0.18,0.35,10.68,2.56,3.36
-0.93,0.19,0.37,11.17,4.27,2.14
-0.93,0.19,0.37,11.78,4.94,0.92
-0.94,0.19,0.38,12.39,5.62,-0.06
-0.93,0.20,0.40,11.90,8.61,0.61
-0.91,0.18,0.37,11.78,10.99,-3.48
-0.92,0.14,0.35,12.70,7.14,-1.83
-0.93,0.15,0.38,11.11,7.14,0.12
-0.93,0.15,0.38,9.95,8.97,-1.16
-0.93,0.15,0.37,10.07,9.09,-0.92
-0.92,0.14,0.33,6.84,8.54,-1.40
-0.92,0.14,0.31,4.58,2.56,0.18
-0.93,0.17,0.33,1.59,0.61,0.79
-0.93,0.18,0.31,-2.14,-1.40,0.37
-0.93,0.17,0.30,-4.82,-4.76,-0.31
-0.93,0.16,0.32,-5.92,-7.08,-0.18
